{"info":{"_postman_id":"86fd4e47-d1fd-4f96-89c7-94f11616d058","name":"theaters","schema":"https://schema.getpostman.com/json/collection/v2.1.0/collection.json"},"item":[{"name":"Get All Theaters","id":"a06a38e1-763e-4609-b55d-384de0448fa0","protocolProfileBehavior":{"disableBodyPruning":true},"request":{"method":"GET","header":[],"url":{"raw":"{{base_url}}/theaters","host":["{{base_url}}"],"path":["theaters"]}},"response":[]},{"name":"Get Theater By Id","id":"b6c6d20c-145c-4f18-9f87-648c9d9423ae","protocolProfileBehavior":{"disableBodyPruning":true},"request":{"method":"GET","header":[],"url":{"raw":"{{base_url}}/theaters/id/16","host":["{{base_url}}"],"path":["theaters","id","16"]}},"response":[]},{"name":"Add a theater","id":"1b8fa541-1312-4151-9682-41489b7ea328","protocolProfileBehavior":{"disableBodyPruning":true},"request":{"method":"POST","header":[],"body":{"mode":"raw","raw":"{\r\n    \"theater_name\":\"E\",\r\n    \"seats_per_row\":2,\r\n    \"num_of_rows\":10,\r\n    \"theater_type\":\"normal\",\r\n    \"blocked\":[\"A-1\",\"B-2\",\"C-1\",\"D-2\"]\r\n}","options":{"raw":{"language":"json"}}},"url":{"raw":"{{base_url}}/theaters","host":["{{base_url}}"],"path":["theaters"]}},"response":[]},{"name":"Update a theater","id":"ab8a5f88-2c6b-4953-8af7-e970d93d8dcd","protocolProfileBehavior":{"disableBodyPruning":true},"request":{"method":"PATCH","header":[],"body":{"mode":"raw","raw":"{\r\n    \"theater_type\":\"royal\"\r\n}","options":{"raw":{"language":"json"}}},"url":{"raw":"{{base_url}}/theaters/id/16","host":["{{base_url}}"],"path":["theaters","id","16"]}},"response":[]}],"auth":{"type":"bearer","bearer":[{"key":"token","value":"eyJhbGciOiJIUzI1NiIsInR5cCI6IkpXVCJ9.eyJ1c2VyX2lkIjoiMSIsImlhdCI6MTYxNDQ0MDc1NCwiZXhwIjoxNjE0NTI3MTU0fQ.Dg-VT31Cwgzoa52jzPjRMouZgJrdz2LHCriCZzmtroo","type":"string"}]},"event":[{"listen":"prerequest","script":{"id":"ca14b2cb-4959-437b-a20b-f56b759f4cdb","type":"text/javascript","exec":[""]}},{"listen":"test","script":{"id":"c5be8017-4ee7-4a0e-bb8c-ff960c095f15","type":"text/javascript","exec":[""]}}]}