{"info":{"_postman_id":"264ec799-cd54-403d-ad35-4949f6733c72","name":"health checks","description":"A health check endpoint for production API.","schema":"https://schema.getpostman.com/json/collection/v2.1.0/collection.json"},"item":[{"name":"Get Health Status","id":"4fdccaa0-2910-45b5-859e-ffb27b243094","protocolProfileBehavior":{"disableBodyPruning":true},"request":{"method":"GET","header":[],"url":{"raw":"{{base_url}}/health","host":["{{base_url}}"],"path":["health"]},"description":"# Run API health check #\n\n## Response ##\n------------\n - `health` It can be:\n   - `OK` - API is running fine, no issues.\n   - `ERROR` - API failed to run due to errors.\n   - `FAILED` - Health check couldn't be run.\n - `uptime`\n - `timestamp`"},"response":[{"id":"978a8232-4276-4cfb-b763-6e5e8bd74257","name":"Mock Get Health Status","originalRequest":{"method":"GET","header":[],"url":{"raw":"{{prod_url}}/health","host":["{{prod_url}}"],"path":["health"]}},"status":"OK","code":200,"_postman_previewlanguage":"json","header":[{"key":"Server","value":"Cowboy"},{"key":"Connection","value":"keep-alive"},{"key":"X-Powered-By","value":"Express"},{"key":"Access-Control-Allow-Origin","value":"*"},{"key":"Content-Type","value":"application/json; charset=utf-8"},{"key":"Content-Length","value":"115"},{"key":"Etag","value":"W/\"73-a1tueAmCXROj3Bbj3nR+evhBdwY\""},{"key":"Date","value":"Wed, 19 May 2021 22:05:20 GMT"},{"key":"Via","value":"1.1 vegur"}],"cookie":[],"responseTime":null,"body":"{\n    \"headers\": {\n        \"success\": 1,\n        \"message\": \"Success\"\n    },\n    \"body\": {\n        \"uptime\": 4.490613599,\n        \"health\": \"OK\",\n        \"timestamp\": 1621461920039\n    }\n}"}]}],"auth":{"type":"bearer","bearer":[{"key":"token","value":"{{token}}","type":"string"}]},"event":[{"listen":"prerequest","script":{"id":"a1860045-462e-464e-acff-bb9b63df9c87","type":"text/javascript","exec":[""]}},{"listen":"test","script":{"id":"09099296-e0a2-4e13-895f-0c0440096e28","type":"text/javascript","exec":[""]}}]}