{"info":{"_postman_id":"4a01a35c-c589-4dd2-a90c-0014412d9e2b","name":"bookings","description":"A collection of requests for `/bookings` endpoint.","schema":"https://schema.getpostman.com/json/collection/v2.1.0/collection.json"},"item":[{"name":"Get all bookings","id":"ccc0ab55-ec8d-42b2-a5f8-edf51fc446e3","protocolProfileBehavior":{"disableBodyPruning":true},"request":{"method":"GET","header":[],"url":{"raw":"{{base_url}}/bookings","host":["{{base_url}}"],"path":["bookings"]},"description":"# Get all bookings #\n\n## Response ##\n------------\nList of booking details where each list item contains:\n - `booking_id`\n - `user_id`\n - `show_id`\n - `seat_row`\n - `seat_number`\n - `price\": 700`\n - `booking_status`\n - `booking_datetime`"},"response":[{"id":"aaeaa73c-7e75-46d1-9283-e856c895e94d","name":"Mock Get all bookings","originalRequest":{"method":"GET","header":[],"url":{"raw":"{{base_url}}/bookings","host":["{{base_url}}"],"path":["bookings"]}},"status":"OK","code":200,"_postman_previewlanguage":"json","header":[{"key":"X-Powered-By","value":"Express"},{"key":"Access-Control-Allow-Origin","value":"*"},{"key":"Content-Type","value":"application/json; charset=utf-8"},{"key":"Content-Length","value":"554"},{"key":"ETag","value":"W/\"22a-ROuWTcKgsSbTzNM5lIQ/rk41SO8\""},{"key":"Date","value":"Thu, 11 Mar 2021 12:07:46 GMT"},{"key":"Connection","value":"keep-alive"}],"cookie":[],"responseTime":null,"body":"{\n    \"headers\": {\n        \"success\": 1,\n        \"message\": \"Success\"\n    },\n    \"body\": [\n        {\n            \"booking_id\": 25,\n            \"user_id\": 10,\n            \"show_id\": 29,\n            \"seat_row\": \"E\",\n            \"seat_number\": 0,\n            \"price\": 800,\n            \"booking_status\": \"confirmed\",\n            \"booking_datetime\": \"2021-06-06 03:31:29\"\n        },\n        {\n            \"booking_id\": 26,\n            \"user_id\": 10,\n            \"show_id\": 29,\n            \"seat_row\": \"E\",\n            \"seat_number\": 1,\n            \"price\": 800,\n            \"booking_status\": \"confirmed\",\n            \"booking_datetime\": \"2021-06-06 03:31:31\"\n        },\n        {\n            \"booking_id\": 27,\n            \"user_id\": 10,\n            \"show_id\": 29,\n            \"seat_row\": \"E\",\n            \"seat_number\": 2,\n            \"price\": 800,\n            \"booking_status\": \"confirmed\",\n            \"booking_datetime\": \"2021-06-06 03:31:33\"\n        },\n        {\n            \"booking_id\": 28,\n            \"user_id\": 10,\n            \"show_id\": 29,\n            \"seat_row\": \"E\",\n            \"seat_number\": 3,\n            \"price\": 800,\n            \"booking_status\": \"confirmed\",\n            \"booking_datetime\": \"2021-06-06 03:31:35\"\n        },\n        {\n            \"booking_id\": 29,\n            \"user_id\": 10,\n            \"show_id\": 29,\n            \"seat_row\": \"E\",\n            \"seat_number\": 4,\n            \"price\": 800,\n            \"booking_status\": \"confirmed\",\n            \"booking_datetime\": \"2021-06-06 03:31:37\"\n        },\n        {\n            \"booking_id\": 30,\n            \"user_id\": 10,\n            \"show_id\": 29,\n            \"seat_row\": \"F\",\n            \"seat_number\": 4,\n            \"price\": 800,\n            \"booking_status\": \"confirmed\",\n            \"booking_datetime\": \"2021-06-06 03:31:38\"\n        },\n        {\n            \"booking_id\": 31,\n            \"user_id\": 10,\n            \"show_id\": 29,\n            \"seat_row\": \"F\",\n            \"seat_number\": 3,\n            \"price\": 800,\n            \"booking_status\": \"confirmed\",\n            \"booking_datetime\": \"2021-06-06 03:31:40\"\n        },\n        {\n            \"booking_id\": 32,\n            \"user_id\": 10,\n            \"show_id\": 29,\n            \"seat_row\": \"F\",\n            \"seat_number\": 0,\n            \"price\": 800,\n            \"booking_status\": \"confirmed\",\n            \"booking_datetime\": \"2021-06-06 03:31:42\"\n        },\n        {\n            \"booking_id\": 33,\n            \"user_id\": 10,\n            \"show_id\": 29,\n            \"seat_row\": \"G\",\n            \"seat_number\": 0,\n            \"price\": 800,\n            \"booking_status\": \"confirmed\",\n            \"booking_datetime\": \"2021-06-06 03:31:43\"\n        },\n        {\n            \"booking_id\": 34,\n            \"user_id\": 10,\n            \"show_id\": 29,\n            \"seat_row\": \"H\",\n            \"seat_number\": 4,\n            \"price\": 800,\n            \"booking_status\": \"confirmed\",\n            \"booking_datetime\": \"2021-06-06 03:31:45\"\n        },\n        {\n            \"booking_id\": 35,\n            \"user_id\": 10,\n            \"show_id\": 29,\n            \"seat_row\": \"H\",\n            \"seat_number\": 3,\n            \"price\": 800,\n            \"booking_status\": \"confirmed\",\n            \"booking_datetime\": \"2021-06-06 03:31:47\"\n        },\n        {\n            \"booking_id\": 36,\n            \"user_id\": 10,\n            \"show_id\": 29,\n            \"seat_row\": \"H\",\n            \"seat_number\": 1,\n            \"price\": 800,\n            \"booking_status\": \"confirmed\",\n            \"booking_datetime\": \"2021-06-06 03:31:48\"\n        },\n        {\n            \"booking_id\": 37,\n            \"user_id\": 10,\n            \"show_id\": 29,\n            \"seat_row\": \"H\",\n            \"seat_number\": 0,\n            \"price\": 800,\n            \"booking_status\": \"confirmed\",\n            \"booking_datetime\": \"2021-06-06 03:31:50\"\n        },\n        {\n            \"booking_id\": 38,\n            \"user_id\": 10,\n            \"show_id\": 29,\n            \"seat_row\": \"K\",\n            \"seat_number\": 0,\n            \"price\": 800,\n            \"booking_status\": \"confirmed\",\n            \"booking_datetime\": \"2021-06-06 03:31:52\"\n        },\n        {\n            \"booking_id\": 39,\n            \"user_id\": 10,\n            \"show_id\": 29,\n            \"seat_row\": \"K\",\n            \"seat_number\": 1,\n            \"price\": 800,\n            \"booking_status\": \"confirmed\",\n            \"booking_datetime\": \"2021-06-06 03:31:53\"\n        },\n        {\n            \"booking_id\": 40,\n            \"user_id\": 10,\n            \"show_id\": 29,\n            \"seat_row\": \"K\",\n            \"seat_number\": 2,\n            \"price\": 800,\n            \"booking_status\": \"confirmed\",\n            \"booking_datetime\": \"2021-06-06 03:31:55\"\n        },\n        {\n            \"booking_id\": 41,\n            \"user_id\": 10,\n            \"show_id\": 29,\n            \"seat_row\": \"K\",\n            \"seat_number\": 3,\n            \"price\": 800,\n            \"booking_status\": \"confirmed\",\n            \"booking_datetime\": \"2021-06-06 03:31:57\"\n        },\n        {\n            \"booking_id\": 42,\n            \"user_id\": 10,\n            \"show_id\": 29,\n            \"seat_row\": \"L\",\n            \"seat_number\": 3,\n            \"price\": 800,\n            \"booking_status\": \"confirmed\",\n            \"booking_datetime\": \"2021-06-06 03:31:58\"\n        },\n        {\n            \"booking_id\": 43,\n            \"user_id\": 10,\n            \"show_id\": 29,\n            \"seat_row\": \"L\",\n            \"seat_number\": 2,\n            \"price\": 800,\n            \"booking_status\": \"confirmed\",\n            \"booking_datetime\": \"2021-06-06 03:32:00\"\n        },\n        {\n            \"booking_id\": 44,\n            \"user_id\": 10,\n            \"show_id\": 29,\n            \"seat_row\": \"L\",\n            \"seat_number\": 1,\n            \"price\": 800,\n            \"booking_status\": \"confirmed\",\n            \"booking_datetime\": \"2021-06-06 03:32:02\"\n        },\n        {\n            \"booking_id\": 45,\n            \"user_id\": 10,\n            \"show_id\": 29,\n            \"seat_row\": \"L\",\n            \"seat_number\": 0,\n            \"price\": 800,\n            \"booking_status\": \"confirmed\",\n            \"booking_datetime\": \"2021-06-06 03:32:03\"\n        },\n        {\n            \"booking_id\": 46,\n            \"user_id\": 10,\n            \"show_id\": 29,\n            \"seat_row\": \"J\",\n            \"seat_number\": 2,\n            \"price\": 800,\n            \"booking_status\": \"confirmed\",\n            \"booking_datetime\": \"2021-06-06 03:32:05\"\n        },\n        {\n            \"booking_id\": 47,\n            \"user_id\": 10,\n            \"show_id\": 29,\n            \"seat_row\": \"J\",\n            \"seat_number\": 1,\n            \"price\": 800,\n            \"booking_status\": \"confirmed\",\n            \"booking_datetime\": \"2021-06-06 03:32:06\"\n        },\n        {\n            \"booking_id\": 48,\n            \"user_id\": 10,\n            \"show_id\": 29,\n            \"seat_row\": \"B\",\n            \"seat_number\": 1,\n            \"price\": 800,\n            \"booking_status\": \"confirmed\",\n            \"booking_datetime\": \"2021-06-06 03:32:08\"\n        },\n        {\n            \"booking_id\": 49,\n            \"user_id\": 10,\n            \"show_id\": 29,\n            \"seat_row\": \"B\",\n            \"seat_number\": 2,\n            \"price\": 800,\n            \"booking_status\": \"confirmed\",\n            \"booking_datetime\": \"2021-06-06 03:32:09\"\n        },\n        {\n            \"booking_id\": 50,\n            \"user_id\": 10,\n            \"show_id\": 29,\n            \"seat_row\": \"C\",\n            \"seat_number\": 2,\n            \"price\": 800,\n            \"booking_status\": \"confirmed\",\n            \"booking_datetime\": \"2021-06-06 03:32:11\"\n        },\n        {\n            \"booking_id\": 51,\n            \"user_id\": 10,\n            \"show_id\": 29,\n            \"seat_row\": \"C\",\n            \"seat_number\": 1,\n            \"price\": 800,\n            \"booking_status\": \"confirmed\",\n            \"booking_datetime\": \"2021-06-06 03:32:13\"\n        },\n        {\n            \"booking_id\": 52,\n            \"user_id\": 10,\n            \"show_id\": 29,\n            \"seat_row\": \"C\",\n            \"seat_number\": 3,\n            \"price\": 800,\n            \"booking_status\": \"confirmed\",\n            \"booking_datetime\": \"2021-06-06 03:32:14\"\n        },\n        {\n            \"booking_id\": 53,\n            \"user_id\": 10,\n            \"show_id\": 29,\n            \"seat_row\": \"B\",\n            \"seat_number\": 3,\n            \"price\": 800,\n            \"booking_status\": \"confirmed\",\n            \"booking_datetime\": \"2021-06-06 03:32:16\"\n        },\n        {\n            \"booking_id\": 54,\n            \"user_id\": 10,\n            \"show_id\": 29,\n            \"seat_row\": \"I\",\n            \"seat_number\": 5,\n            \"price\": 800,\n            \"booking_status\": \"confirmed\",\n            \"booking_datetime\": \"2021-06-06 03:32:17\"\n        },\n        {\n            \"booking_id\": 55,\n            \"user_id\": 10,\n            \"show_id\": 29,\n            \"seat_row\": \"I\",\n            \"seat_number\": 6,\n            \"price\": 800,\n            \"booking_status\": \"confirmed\",\n            \"booking_datetime\": \"2021-06-06 03:32:19\"\n        },\n        {\n            \"booking_id\": 56,\n            \"user_id\": 10,\n            \"show_id\": 29,\n            \"seat_row\": \"I\",\n            \"seat_number\": 7,\n            \"price\": 800,\n            \"booking_status\": \"confirmed\",\n            \"booking_datetime\": \"2021-06-06 03:32:20\"\n        },\n        {\n            \"booking_id\": 57,\n            \"user_id\": 10,\n            \"show_id\": 29,\n            \"seat_row\": \"J\",\n            \"seat_number\": 9,\n            \"price\": 800,\n            \"booking_status\": \"confirmed\",\n            \"booking_datetime\": \"2021-06-06 03:32:22\"\n        },\n        {\n            \"booking_id\": 58,\n            \"user_id\": 10,\n            \"show_id\": 29,\n            \"seat_row\": \"J\",\n            \"seat_number\": 8,\n            \"price\": 800,\n            \"booking_status\": \"confirmed\",\n            \"booking_datetime\": \"2021-06-06 03:32:24\"\n        },\n        {\n            \"booking_id\": 59,\n            \"user_id\": 10,\n            \"show_id\": 29,\n            \"seat_row\": \"J\",\n            \"seat_number\": 7,\n            \"price\": 800,\n            \"booking_status\": \"confirmed\",\n            \"booking_datetime\": \"2021-06-06 03:32:25\"\n        },\n        {\n            \"booking_id\": 60,\n            \"user_id\": 10,\n            \"show_id\": 29,\n            \"seat_row\": \"J\",\n            \"seat_number\": 6,\n            \"price\": 800,\n            \"booking_status\": \"confirmed\",\n            \"booking_datetime\": \"2021-06-06 03:32:27\"\n        },\n        {\n            \"booking_id\": 61,\n            \"user_id\": 10,\n            \"show_id\": 29,\n            \"seat_row\": \"J\",\n            \"seat_number\": 5,\n            \"price\": 800,\n            \"booking_status\": \"confirmed\",\n            \"booking_datetime\": \"2021-06-06 03:32:28\"\n        },\n        {\n            \"booking_id\": 62,\n            \"user_id\": 10,\n            \"show_id\": 29,\n            \"seat_row\": \"K\",\n            \"seat_number\": 7,\n            \"price\": 800,\n            \"booking_status\": \"confirmed\",\n            \"booking_datetime\": \"2021-06-06 03:32:30\"\n        },\n        {\n            \"booking_id\": 63,\n            \"user_id\": 10,\n            \"show_id\": 29,\n            \"seat_row\": \"K\",\n            \"seat_number\": 8,\n            \"price\": 800,\n            \"booking_status\": \"confirmed\",\n            \"booking_datetime\": \"2021-06-06 03:32:32\"\n        },\n        {\n            \"booking_id\": 64,\n            \"user_id\": 10,\n            \"show_id\": 29,\n            \"seat_row\": \"K\",\n            \"seat_number\": 9,\n            \"price\": 800,\n            \"booking_status\": \"confirmed\",\n            \"booking_datetime\": \"2021-06-06 03:32:34\"\n        },\n        {\n            \"booking_id\": 65,\n            \"user_id\": 10,\n            \"show_id\": 29,\n            \"seat_row\": \"L\",\n            \"seat_number\": 5,\n            \"price\": 800,\n            \"booking_status\": \"confirmed\",\n            \"booking_datetime\": \"2021-06-06 03:32:35\"\n        },\n        {\n            \"booking_id\": 66,\n            \"user_id\": 10,\n            \"show_id\": 29,\n            \"seat_row\": \"L\",\n            \"seat_number\": 6,\n            \"price\": 800,\n            \"booking_status\": \"confirmed\",\n            \"booking_datetime\": \"2021-06-06 03:32:37\"\n        },\n        {\n            \"booking_id\": 67,\n            \"user_id\": 10,\n            \"show_id\": 29,\n            \"seat_row\": \"L\",\n            \"seat_number\": 7,\n            \"price\": 800,\n            \"booking_status\": \"confirmed\",\n            \"booking_datetime\": \"2021-06-06 03:32:39\"\n        },\n        {\n            \"booking_id\": 68,\n            \"user_id\": 10,\n            \"show_id\": 29,\n            \"seat_row\": \"L\",\n            \"seat_number\": 8,\n            \"price\": 800,\n            \"booking_status\": \"confirmed\",\n            \"booking_datetime\": \"2021-06-06 03:32:40\"\n        },\n        {\n            \"booking_id\": 69,\n            \"user_id\": 10,\n            \"show_id\": 29,\n            \"seat_row\": \"L\",\n            \"seat_number\": 9,\n            \"price\": 800,\n            \"booking_status\": \"confirmed\",\n            \"booking_datetime\": \"2021-06-06 03:32:42\"\n        },\n        {\n            \"booking_id\": 70,\n            \"user_id\": 10,\n            \"show_id\": 29,\n            \"seat_row\": \"L\",\n            \"seat_number\": 11,\n            \"price\": 800,\n            \"booking_status\": \"confirmed\",\n            \"booking_datetime\": \"2021-06-06 03:32:44\"\n        },\n        {\n            \"booking_id\": 71,\n            \"user_id\": 10,\n            \"show_id\": 29,\n            \"seat_row\": \"L\",\n            \"seat_number\": 13,\n            \"price\": 800,\n            \"booking_status\": \"confirmed\",\n            \"booking_datetime\": \"2021-06-06 03:32:45\"\n        },\n        {\n            \"booking_id\": 72,\n            \"user_id\": 10,\n            \"show_id\": 29,\n            \"seat_row\": \"L\",\n            \"seat_number\": 14,\n            \"price\": 800,\n            \"booking_status\": \"confirmed\",\n            \"booking_datetime\": \"2021-06-06 03:32:47\"\n        },\n        {\n            \"booking_id\": 73,\n            \"user_id\": 10,\n            \"show_id\": 29,\n            \"seat_row\": \"K\",\n            \"seat_number\": 14,\n            \"price\": 800,\n            \"booking_status\": \"confirmed\",\n            \"booking_datetime\": \"2021-06-06 03:32:49\"\n        },\n        {\n            \"booking_id\": 74,\n            \"user_id\": 10,\n            \"show_id\": 29,\n            \"seat_row\": \"K\",\n            \"seat_number\": 13,\n            \"price\": 800,\n            \"booking_status\": \"confirmed\",\n            \"booking_datetime\": \"2021-06-06 03:32:50\"\n        },\n        {\n            \"booking_id\": 75,\n            \"user_id\": 10,\n            \"show_id\": 29,\n            \"seat_row\": \"K\",\n            \"seat_number\": 12,\n            \"price\": 800,\n            \"booking_status\": \"confirmed\",\n            \"booking_datetime\": \"2021-06-06 03:32:52\"\n        },\n        {\n            \"booking_id\": 76,\n            \"user_id\": 10,\n            \"show_id\": 29,\n            \"seat_row\": \"K\",\n            \"seat_number\": 11,\n            \"price\": 800,\n            \"booking_status\": \"confirmed\",\n            \"booking_datetime\": \"2021-06-06 03:32:53\"\n        },\n        {\n            \"booking_id\": 77,\n            \"user_id\": 10,\n            \"show_id\": 29,\n            \"seat_row\": \"J\",\n            \"seat_number\": 11,\n            \"price\": 800,\n            \"booking_status\": \"confirmed\",\n            \"booking_datetime\": \"2021-06-06 03:32:55\"\n        },\n        {\n            \"booking_id\": 78,\n            \"user_id\": 10,\n            \"show_id\": 29,\n            \"seat_row\": \"J\",\n            \"seat_number\": 12,\n            \"price\": 800,\n            \"booking_status\": \"confirmed\",\n            \"booking_datetime\": \"2021-06-06 03:32:57\"\n        },\n        {\n            \"booking_id\": 79,\n            \"user_id\": 10,\n            \"show_id\": 29,\n            \"seat_row\": \"J\",\n            \"seat_number\": 13,\n            \"price\": 800,\n            \"booking_status\": \"confirmed\",\n            \"booking_datetime\": \"2021-06-06 03:32:58\"\n        },\n        {\n            \"booking_id\": 80,\n            \"user_id\": 10,\n            \"show_id\": 29,\n            \"seat_row\": \"J\",\n            \"seat_number\": 14,\n            \"price\": 800,\n            \"booking_status\": \"confirmed\",\n            \"booking_datetime\": \"2021-06-06 03:33:00\"\n        },\n        {\n            \"booking_id\": 81,\n            \"user_id\": 10,\n            \"show_id\": 29,\n            \"seat_row\": \"L\",\n            \"seat_number\": 12,\n            \"price\": 800,\n            \"booking_status\": \"confirmed\",\n            \"booking_datetime\": \"2021-06-06 03:33:01\"\n        },\n        {\n            \"booking_id\": 82,\n            \"user_id\": 10,\n            \"show_id\": 29,\n            \"seat_row\": \"H\",\n            \"seat_number\": 14,\n            \"price\": 800,\n            \"booking_status\": \"confirmed\",\n            \"booking_datetime\": \"2021-06-06 03:33:03\"\n        },\n        {\n            \"booking_id\": 83,\n            \"user_id\": 10,\n            \"show_id\": 29,\n            \"seat_row\": \"H\",\n            \"seat_number\": 13,\n            \"price\": 800,\n            \"booking_status\": \"confirmed\",\n            \"booking_datetime\": \"2021-06-06 03:33:05\"\n        },\n        {\n            \"booking_id\": 84,\n            \"user_id\": 10,\n            \"show_id\": 29,\n            \"seat_row\": \"H\",\n            \"seat_number\": 12,\n            \"price\": 800,\n            \"booking_status\": \"confirmed\",\n            \"booking_datetime\": \"2021-06-06 03:33:06\"\n        },\n        {\n            \"booking_id\": 85,\n            \"user_id\": 10,\n            \"show_id\": 29,\n            \"seat_row\": \"H\",\n            \"seat_number\": 11,\n            \"price\": 800,\n            \"booking_status\": \"confirmed\",\n            \"booking_datetime\": \"2021-06-06 03:33:08\"\n        },\n        {\n            \"booking_id\": 86,\n            \"user_id\": 10,\n            \"show_id\": 29,\n            \"seat_row\": \"H\",\n            \"seat_number\": 10,\n            \"price\": 800,\n            \"booking_status\": \"confirmed\",\n            \"booking_datetime\": \"2021-06-06 03:33:09\"\n        },\n        {\n            \"booking_id\": 87,\n            \"user_id\": 10,\n            \"show_id\": 29,\n            \"seat_row\": \"G\",\n            \"seat_number\": 14,\n            \"price\": 800,\n            \"booking_status\": \"confirmed\",\n            \"booking_datetime\": \"2021-06-06 03:33:11\"\n        },\n        {\n            \"booking_id\": 88,\n            \"user_id\": 10,\n            \"show_id\": 29,\n            \"seat_row\": \"G\",\n            \"seat_number\": 13,\n            \"price\": 800,\n            \"booking_status\": \"confirmed\",\n            \"booking_datetime\": \"2021-06-06 03:33:13\"\n        },\n        {\n            \"booking_id\": 89,\n            \"user_id\": 10,\n            \"show_id\": 29,\n            \"seat_row\": \"G\",\n            \"seat_number\": 12,\n            \"price\": 800,\n            \"booking_status\": \"confirmed\",\n            \"booking_datetime\": \"2021-06-06 03:33:14\"\n        },\n        {\n            \"booking_id\": 90,\n            \"user_id\": 10,\n            \"show_id\": 29,\n            \"seat_row\": \"G\",\n            \"seat_number\": 11,\n            \"price\": 800,\n            \"booking_status\": \"confirmed\",\n            \"booking_datetime\": \"2021-06-06 03:33:16\"\n        },\n        {\n            \"booking_id\": 91,\n            \"user_id\": 10,\n            \"show_id\": 29,\n            \"seat_row\": \"G\",\n            \"seat_number\": 10,\n            \"price\": 800,\n            \"booking_status\": \"confirmed\",\n            \"booking_datetime\": \"2021-06-06 03:33:17\"\n        },\n        {\n            \"booking_id\": 92,\n            \"user_id\": 10,\n            \"show_id\": 29,\n            \"seat_row\": \"F\",\n            \"seat_number\": 14,\n            \"price\": 800,\n            \"booking_status\": \"confirmed\",\n            \"booking_datetime\": \"2021-06-06 03:33:19\"\n        },\n        {\n            \"booking_id\": 93,\n            \"user_id\": 10,\n            \"show_id\": 29,\n            \"seat_row\": \"F\",\n            \"seat_number\": 10,\n            \"price\": 800,\n            \"booking_status\": \"confirmed\",\n            \"booking_datetime\": \"2021-06-06 03:33:21\"\n        },\n        {\n            \"booking_id\": 94,\n            \"user_id\": 10,\n            \"show_id\": 29,\n            \"seat_row\": \"E\",\n            \"seat_number\": 12,\n            \"price\": 800,\n            \"booking_status\": \"confirmed\",\n            \"booking_datetime\": \"2021-06-06 03:33:22\"\n        },\n        {\n            \"booking_id\": 95,\n            \"user_id\": 10,\n            \"show_id\": 29,\n            \"seat_row\": \"E\",\n            \"seat_number\": 13,\n            \"price\": 800,\n            \"booking_status\": \"confirmed\",\n            \"booking_datetime\": \"2021-06-06 03:33:24\"\n        },\n        {\n            \"booking_id\": 96,\n            \"user_id\": 10,\n            \"show_id\": 29,\n            \"seat_row\": \"B\",\n            \"seat_number\": 6,\n            \"price\": 800,\n            \"booking_status\": \"confirmed\",\n            \"booking_datetime\": \"2021-06-06 03:33:25\"\n        },\n        {\n            \"booking_id\": 97,\n            \"user_id\": 10,\n            \"show_id\": 29,\n            \"seat_row\": \"B\",\n            \"seat_number\": 8,\n            \"price\": 800,\n            \"booking_status\": \"confirmed\",\n            \"booking_datetime\": \"2021-06-06 03:33:27\"\n        },\n        {\n            \"booking_id\": 98,\n            \"user_id\": 10,\n            \"show_id\": 29,\n            \"seat_row\": \"B\",\n            \"seat_number\": 7,\n            \"price\": 800,\n            \"booking_status\": \"confirmed\",\n            \"booking_datetime\": \"2021-06-06 03:33:29\"\n        },\n        {\n            \"booking_id\": 99,\n            \"user_id\": 10,\n            \"show_id\": 29,\n            \"seat_row\": \"C\",\n            \"seat_number\": 7,\n            \"price\": 800,\n            \"booking_status\": \"confirmed\",\n            \"booking_datetime\": \"2021-06-06 03:33:30\"\n        },\n        {\n            \"booking_id\": 100,\n            \"user_id\": 10,\n            \"show_id\": 29,\n            \"seat_row\": \"C\",\n            \"seat_number\": 6,\n            \"price\": 800,\n            \"booking_status\": \"confirmed\",\n            \"booking_datetime\": \"2021-06-06 03:33:32\"\n        },\n        {\n            \"booking_id\": 101,\n            \"user_id\": 10,\n            \"show_id\": 29,\n            \"seat_row\": \"C\",\n            \"seat_number\": 8,\n            \"price\": 800,\n            \"booking_status\": \"confirmed\",\n            \"booking_datetime\": \"2021-06-06 03:33:33\"\n        },\n        {\n            \"booking_id\": 102,\n            \"user_id\": 10,\n            \"show_id\": 29,\n            \"seat_row\": \"D\",\n            \"seat_number\": 7,\n            \"price\": 800,\n            \"booking_status\": \"confirmed\",\n            \"booking_datetime\": \"2021-06-06 03:33:35\"\n        },\n        {\n            \"booking_id\": 103,\n            \"user_id\": 10,\n            \"show_id\": 29,\n            \"seat_row\": \"D\",\n            \"seat_number\": 9,\n            \"price\": 800,\n            \"booking_status\": \"confirmed\",\n            \"booking_datetime\": \"2021-06-06 03:33:37\"\n        },\n        {\n            \"booking_id\": 104,\n            \"user_id\": 10,\n            \"show_id\": 29,\n            \"seat_row\": \"D\",\n            \"seat_number\": 8,\n            \"price\": 800,\n            \"booking_status\": \"confirmed\",\n            \"booking_datetime\": \"2021-06-06 03:33:38\"\n        },\n        {\n            \"booking_id\": 105,\n            \"user_id\": 10,\n            \"show_id\": 29,\n            \"seat_row\": \"D\",\n            \"seat_number\": 6,\n            \"price\": 800,\n            \"booking_status\": \"confirmed\",\n            \"booking_datetime\": \"2021-06-06 03:33:40\"\n        },\n        {\n            \"booking_id\": 106,\n            \"user_id\": 10,\n            \"show_id\": 29,\n            \"seat_row\": \"D\",\n            \"seat_number\": 5,\n            \"price\": 800,\n            \"booking_status\": \"confirmed\",\n            \"booking_datetime\": \"2021-06-06 03:33:41\"\n        },\n        {\n            \"booking_id\": 107,\n            \"user_id\": 10,\n            \"show_id\": 29,\n            \"seat_row\": \"B\",\n            \"seat_number\": 13,\n            \"price\": 800,\n            \"booking_status\": \"confirmed\",\n            \"booking_datetime\": \"2021-06-06 03:33:43\"\n        },\n        {\n            \"booking_id\": 108,\n            \"user_id\": 10,\n            \"show_id\": 29,\n            \"seat_row\": \"G\",\n            \"seat_number\": 1,\n            \"price\": 800,\n            \"booking_status\": \"confirmed\",\n            \"booking_datetime\": \"2021-06-06 03:33:44\"\n        },\n        {\n            \"booking_id\": 109,\n            \"user_id\": 10,\n            \"show_id\": 29,\n            \"seat_row\": \"G\",\n            \"seat_number\": 2,\n            \"price\": 800,\n            \"booking_status\": \"confirmed\",\n            \"booking_datetime\": \"2021-06-06 03:33:46\"\n        },\n        {\n            \"booking_id\": 110,\n            \"user_id\": 10,\n            \"show_id\": 35,\n            \"seat_row\": \"J\",\n            \"seat_number\": 0,\n            \"price\": 800,\n            \"booking_status\": \"confirmed\",\n            \"booking_datetime\": \"2021-06-06 03:36:08\"\n        },\n        {\n            \"booking_id\": 111,\n            \"user_id\": 10,\n            \"show_id\": 35,\n            \"seat_row\": \"J\",\n            \"seat_number\": 1,\n            \"price\": 800,\n            \"booking_status\": \"confirmed\",\n            \"booking_datetime\": \"2021-06-06 03:36:10\"\n        },\n        {\n            \"booking_id\": 112,\n            \"user_id\": 10,\n            \"show_id\": 35,\n            \"seat_row\": \"J\",\n            \"seat_number\": 2,\n            \"price\": 800,\n            \"booking_status\": \"confirmed\",\n            \"booking_datetime\": \"2021-06-06 03:36:12\"\n        },\n        {\n            \"booking_id\": 113,\n            \"user_id\": 10,\n            \"show_id\": 35,\n            \"seat_row\": \"J\",\n            \"seat_number\": 4,\n            \"price\": 800,\n            \"booking_status\": \"confirmed\",\n            \"booking_datetime\": \"2021-06-06 03:36:14\"\n        },\n        {\n            \"booking_id\": 114,\n            \"user_id\": 10,\n            \"show_id\": 35,\n            \"seat_row\": \"J\",\n            \"seat_number\": 5,\n            \"price\": 800,\n            \"booking_status\": \"confirmed\",\n            \"booking_datetime\": \"2021-06-06 03:36:16\"\n        },\n        {\n            \"booking_id\": 115,\n            \"user_id\": 10,\n            \"show_id\": 35,\n            \"seat_row\": \"J\",\n            \"seat_number\": 6,\n            \"price\": 800,\n            \"booking_status\": \"confirmed\",\n            \"booking_datetime\": \"2021-06-06 03:36:18\"\n        },\n        {\n            \"booking_id\": 116,\n            \"user_id\": 10,\n            \"show_id\": 35,\n            \"seat_row\": \"J\",\n            \"seat_number\": 8,\n            \"price\": 800,\n            \"booking_status\": \"confirmed\",\n            \"booking_datetime\": \"2021-06-06 03:36:19\"\n        },\n        {\n            \"booking_id\": 117,\n            \"user_id\": 10,\n            \"show_id\": 35,\n            \"seat_row\": \"J\",\n            \"seat_number\": 9,\n            \"price\": 800,\n            \"booking_status\": \"confirmed\",\n            \"booking_datetime\": \"2021-06-06 03:36:21\"\n        },\n        {\n            \"booking_id\": 118,\n            \"user_id\": 10,\n            \"show_id\": 35,\n            \"seat_row\": \"I\",\n            \"seat_number\": 0,\n            \"price\": 800,\n            \"booking_status\": \"confirmed\",\n            \"booking_datetime\": \"2021-06-06 03:36:23\"\n        },\n        {\n            \"booking_id\": 119,\n            \"user_id\": 10,\n            \"show_id\": 35,\n            \"seat_row\": \"I\",\n            \"seat_number\": 1,\n            \"price\": 800,\n            \"booking_status\": \"confirmed\",\n            \"booking_datetime\": \"2021-06-06 03:36:24\"\n        },\n        {\n            \"booking_id\": 120,\n            \"user_id\": 10,\n            \"show_id\": 35,\n            \"seat_row\": \"I\",\n            \"seat_number\": 2,\n            \"price\": 800,\n            \"booking_status\": \"confirmed\",\n            \"booking_datetime\": \"2021-06-06 03:36:26\"\n        },\n        {\n            \"booking_id\": 121,\n            \"user_id\": 10,\n            \"show_id\": 35,\n            \"seat_row\": \"I\",\n            \"seat_number\": 4,\n            \"price\": 800,\n            \"booking_status\": \"confirmed\",\n            \"booking_datetime\": \"2021-06-06 03:36:27\"\n        },\n        {\n            \"booking_id\": 122,\n            \"user_id\": 10,\n            \"show_id\": 35,\n            \"seat_row\": \"I\",\n            \"seat_number\": 5,\n            \"price\": 800,\n            \"booking_status\": \"confirmed\",\n            \"booking_datetime\": \"2021-06-06 03:36:29\"\n        },\n        {\n            \"booking_id\": 123,\n            \"user_id\": 10,\n            \"show_id\": 35,\n            \"seat_row\": \"I\",\n            \"seat_number\": 6,\n            \"price\": 800,\n            \"booking_status\": \"confirmed\",\n            \"booking_datetime\": \"2021-06-06 03:36:31\"\n        },\n        {\n            \"booking_id\": 124,\n            \"user_id\": 10,\n            \"show_id\": 35,\n            \"seat_row\": \"I\",\n            \"seat_number\": 8,\n            \"price\": 800,\n            \"booking_status\": \"confirmed\",\n            \"booking_datetime\": \"2021-06-06 03:36:32\"\n        },\n        {\n            \"booking_id\": 125,\n            \"user_id\": 10,\n            \"show_id\": 35,\n            \"seat_row\": \"I\",\n            \"seat_number\": 9,\n            \"price\": 800,\n            \"booking_status\": \"confirmed\",\n            \"booking_datetime\": \"2021-06-06 03:36:34\"\n        },\n        {\n            \"booking_id\": 126,\n            \"user_id\": 10,\n            \"show_id\": 35,\n            \"seat_row\": \"F\",\n            \"seat_number\": 1,\n            \"price\": 800,\n            \"booking_status\": \"confirmed\",\n            \"booking_datetime\": \"2021-06-06 03:36:35\"\n        },\n        {\n            \"booking_id\": 127,\n            \"user_id\": 10,\n            \"show_id\": 35,\n            \"seat_row\": \"F\",\n            \"seat_number\": 2,\n            \"price\": 800,\n            \"booking_status\": \"confirmed\",\n            \"booking_datetime\": \"2021-06-06 03:36:37\"\n        },\n        {\n            \"booking_id\": 128,\n            \"user_id\": 10,\n            \"show_id\": 35,\n            \"seat_row\": \"G\",\n            \"seat_number\": 4,\n            \"price\": 800,\n            \"booking_status\": \"confirmed\",\n            \"booking_datetime\": \"2021-06-06 03:36:39\"\n        },\n        {\n            \"booking_id\": 129,\n            \"user_id\": 10,\n            \"show_id\": 35,\n            \"seat_row\": \"G\",\n            \"seat_number\": 5,\n            \"price\": 800,\n            \"booking_status\": \"confirmed\",\n            \"booking_datetime\": \"2021-06-06 03:36:40\"\n        },\n        {\n            \"booking_id\": 130,\n            \"user_id\": 10,\n            \"show_id\": 35,\n            \"seat_row\": \"G\",\n            \"seat_number\": 9,\n            \"price\": 800,\n            \"booking_status\": \"confirmed\",\n            \"booking_datetime\": \"2021-06-06 03:36:42\"\n        },\n        {\n            \"booking_id\": 131,\n            \"user_id\": 10,\n            \"show_id\": 54,\n            \"seat_row\": \"G\",\n            \"seat_number\": 2,\n            \"price\": 800,\n            \"booking_status\": \"confirmed\",\n            \"booking_datetime\": \"2021-06-06 03:41:58\"\n        },\n        {\n            \"booking_id\": 132,\n            \"user_id\": 10,\n            \"show_id\": 54,\n            \"seat_row\": \"H\",\n            \"seat_number\": 2,\n            \"price\": 800,\n            \"booking_status\": \"confirmed\",\n            \"booking_datetime\": \"2021-06-06 03:42:00\"\n        },\n        {\n            \"booking_id\": 133,\n            \"user_id\": 10,\n            \"show_id\": 54,\n            \"seat_row\": \"G\",\n            \"seat_number\": 3,\n            \"price\": 800,\n            \"booking_status\": \"confirmed\",\n            \"booking_datetime\": \"2021-06-06 03:42:02\"\n        },\n        {\n            \"booking_id\": 134,\n            \"user_id\": 10,\n            \"show_id\": 54,\n            \"seat_row\": \"H\",\n            \"seat_number\": 3,\n            \"price\": 800,\n            \"booking_status\": \"confirmed\",\n            \"booking_datetime\": \"2021-06-06 03:42:03\"\n        },\n        {\n            \"booking_id\": 135,\n            \"user_id\": 10,\n            \"show_id\": 54,\n            \"seat_row\": \"G\",\n            \"seat_number\": 7,\n            \"price\": 800,\n            \"booking_status\": \"confirmed\",\n            \"booking_datetime\": \"2021-06-06 03:42:05\"\n        },\n        {\n            \"booking_id\": 136,\n            \"user_id\": 10,\n            \"show_id\": 54,\n            \"seat_row\": \"H\",\n            \"seat_number\": 7,\n            \"price\": 800,\n            \"booking_status\": \"confirmed\",\n            \"booking_datetime\": \"2021-06-06 03:42:07\"\n        },\n        {\n            \"booking_id\": 137,\n            \"user_id\": 10,\n            \"show_id\": 54,\n            \"seat_row\": \"G\",\n            \"seat_number\": 8,\n            \"price\": 800,\n            \"booking_status\": \"confirmed\",\n            \"booking_datetime\": \"2021-06-06 03:42:08\"\n        },\n        {\n            \"booking_id\": 138,\n            \"user_id\": 10,\n            \"show_id\": 54,\n            \"seat_row\": \"H\",\n            \"seat_number\": 8,\n            \"price\": 800,\n            \"booking_status\": \"confirmed\",\n            \"booking_datetime\": \"2021-06-06 03:42:10\"\n        },\n        {\n            \"booking_id\": 139,\n            \"user_id\": 10,\n            \"show_id\": 54,\n            \"seat_row\": \"D\",\n            \"seat_number\": 4,\n            \"price\": 800,\n            \"booking_status\": \"confirmed\",\n            \"booking_datetime\": \"2021-06-06 03:42:11\"\n        },\n        {\n            \"booking_id\": 140,\n            \"user_id\": 10,\n            \"show_id\": 54,\n            \"seat_row\": \"E\",\n            \"seat_number\": 4,\n            \"price\": 800,\n            \"booking_status\": \"confirmed\",\n            \"booking_datetime\": \"2021-06-06 03:42:13\"\n        },\n        {\n            \"booking_id\": 141,\n            \"user_id\": 10,\n            \"show_id\": 54,\n            \"seat_row\": \"D\",\n            \"seat_number\": 5,\n            \"price\": 800,\n            \"booking_status\": \"confirmed\",\n            \"booking_datetime\": \"2021-06-06 03:42:14\"\n        },\n        {\n            \"booking_id\": 142,\n            \"user_id\": 10,\n            \"show_id\": 54,\n            \"seat_row\": \"E\",\n            \"seat_number\": 5,\n            \"price\": 800,\n            \"booking_status\": \"confirmed\",\n            \"booking_datetime\": \"2021-06-06 03:42:16\"\n        },\n        {\n            \"booking_id\": 143,\n            \"user_id\": 10,\n            \"show_id\": 54,\n            \"seat_row\": \"B\",\n            \"seat_number\": 2,\n            \"price\": 800,\n            \"booking_status\": \"confirmed\",\n            \"booking_datetime\": \"2021-06-06 03:42:18\"\n        },\n        {\n            \"booking_id\": 144,\n            \"user_id\": 10,\n            \"show_id\": 54,\n            \"seat_row\": \"B\",\n            \"seat_number\": 3,\n            \"price\": 800,\n            \"booking_status\": \"confirmed\",\n            \"booking_datetime\": \"2021-06-06 03:42:19\"\n        },\n        {\n            \"booking_id\": 145,\n            \"user_id\": 10,\n            \"show_id\": 54,\n            \"seat_row\": \"B\",\n            \"seat_number\": 10,\n            \"price\": 800,\n            \"booking_status\": \"confirmed\",\n            \"booking_datetime\": \"2021-06-06 03:42:21\"\n        },\n        {\n            \"booking_id\": 146,\n            \"user_id\": 10,\n            \"show_id\": 54,\n            \"seat_row\": \"E\",\n            \"seat_number\": 10,\n            \"price\": 800,\n            \"booking_status\": \"confirmed\",\n            \"booking_datetime\": \"2021-06-06 03:42:23\"\n        },\n        {\n            \"booking_id\": 147,\n            \"user_id\": 10,\n            \"show_id\": 54,\n            \"seat_row\": \"E\",\n            \"seat_number\": 11,\n            \"price\": 800,\n            \"booking_status\": \"confirmed\",\n            \"booking_datetime\": \"2021-06-06 03:42:24\"\n        },\n        {\n            \"booking_id\": 148,\n            \"user_id\": 10,\n            \"show_id\": 29,\n            \"seat_row\": \"G\",\n            \"seat_number\": 6,\n            \"price\": 800,\n            \"booking_status\": \"confirmed\",\n            \"booking_datetime\": \"2021-06-06 21:24:31\"\n        },\n        {\n            \"booking_id\": 149,\n            \"user_id\": 10,\n            \"show_id\": 29,\n            \"seat_row\": \"G\",\n            \"seat_number\": 7,\n            \"price\": 800,\n            \"booking_status\": \"confirmed\",\n            \"booking_datetime\": \"2021-06-06 21:24:35\"\n        },\n        {\n            \"booking_id\": 150,\n            \"user_id\": 10,\n            \"show_id\": 29,\n            \"seat_row\": \"G\",\n            \"seat_number\": 8,\n            \"price\": 800,\n            \"booking_status\": \"confirmed\",\n            \"booking_datetime\": \"2021-06-06 21:24:37\"\n        },\n        {\n            \"booking_id\": 151,\n            \"user_id\": 10,\n            \"show_id\": 39,\n            \"seat_row\": \"H\",\n            \"seat_number\": 0,\n            \"price\": 800,\n            \"booking_status\": \"confirmed\",\n            \"booking_datetime\": \"2021-06-06 22:43:19\"\n        },\n        {\n            \"booking_id\": 152,\n            \"user_id\": 10,\n            \"show_id\": 39,\n            \"seat_row\": \"H\",\n            \"seat_number\": 1,\n            \"price\": 800,\n            \"booking_status\": \"confirmed\",\n            \"booking_datetime\": \"2021-06-06 22:43:21\"\n        },\n        {\n            \"booking_id\": 153,\n            \"user_id\": 10,\n            \"show_id\": 39,\n            \"seat_row\": \"H\",\n            \"seat_number\": 2,\n            \"price\": 800,\n            \"booking_status\": \"confirmed\",\n            \"booking_datetime\": \"2021-06-06 22:43:22\"\n        },\n        {\n            \"booking_id\": 154,\n            \"user_id\": 10,\n            \"show_id\": 39,\n            \"seat_row\": \"H\",\n            \"seat_number\": 4,\n            \"price\": 800,\n            \"booking_status\": \"confirmed\",\n            \"booking_datetime\": \"2021-06-06 22:43:24\"\n        },\n        {\n            \"booking_id\": 155,\n            \"user_id\": 10,\n            \"show_id\": 39,\n            \"seat_row\": \"H\",\n            \"seat_number\": 5,\n            \"price\": 800,\n            \"booking_status\": \"confirmed\",\n            \"booking_datetime\": \"2021-06-06 22:43:25\"\n        },\n        {\n            \"booking_id\": 156,\n            \"user_id\": 10,\n            \"show_id\": 39,\n            \"seat_row\": \"H\",\n            \"seat_number\": 6,\n            \"price\": 800,\n            \"booking_status\": \"confirmed\",\n            \"booking_datetime\": \"2021-06-06 22:43:27\"\n        },\n        {\n            \"booking_id\": 157,\n            \"user_id\": 10,\n            \"show_id\": 30,\n            \"seat_row\": \"G\",\n            \"seat_number\": 6,\n            \"price\": 800,\n            \"booking_status\": \"reserved\",\n            \"booking_datetime\": \"2021-06-10 04:10:13\"\n        },\n        {\n            \"booking_id\": 158,\n            \"user_id\": 10,\n            \"show_id\": 30,\n            \"seat_row\": \"G\",\n            \"seat_number\": 7,\n            \"price\": 800,\n            \"booking_status\": \"reserved\",\n            \"booking_datetime\": \"2021-06-10 04:10:15\"\n        },\n        {\n            \"booking_id\": 159,\n            \"user_id\": 10,\n            \"show_id\": 30,\n            \"seat_row\": \"G\",\n            \"seat_number\": 8,\n            \"price\": 800,\n            \"booking_status\": \"reserved\",\n            \"booking_datetime\": \"2021-06-10 04:10:17\"\n        },\n        {\n            \"booking_id\": 160,\n            \"user_id\": 10,\n            \"show_id\": 30,\n            \"seat_row\": \"L\",\n            \"seat_number\": 7,\n            \"price\": 800,\n            \"booking_status\": \"reserved\",\n            \"booking_datetime\": \"2021-06-10 04:10:18\"\n        },\n        {\n            \"booking_id\": 161,\n            \"user_id\": 10,\n            \"show_id\": 30,\n            \"seat_row\": \"L\",\n            \"seat_number\": 6,\n            \"price\": 800,\n            \"booking_status\": \"reserved\",\n            \"booking_datetime\": \"2021-06-10 04:10:20\"\n        },\n        {\n            \"booking_id\": 164,\n            \"user_id\": 2,\n            \"show_id\": 41,\n            \"seat_row\": \"E\",\n            \"seat_number\": 1,\n            \"price\": 800,\n            \"booking_status\": \"confirmed\",\n            \"booking_datetime\": \"2021-06-10 19:00:43\"\n        },\n        {\n            \"booking_id\": 165,\n            \"user_id\": 2,\n            \"show_id\": 41,\n            \"seat_row\": \"F\",\n            \"seat_number\": 1,\n            \"price\": 800,\n            \"booking_status\": \"confirmed\",\n            \"booking_datetime\": \"2021-06-10 19:00:45\"\n        },\n        {\n            \"booking_id\": 166,\n            \"user_id\": 2,\n            \"show_id\": 41,\n            \"seat_row\": \"G\",\n            \"seat_number\": 1,\n            \"price\": 800,\n            \"booking_status\": \"confirmed\",\n            \"booking_datetime\": \"2021-06-10 19:00:47\"\n        },\n        {\n            \"booking_id\": 167,\n            \"user_id\": 2,\n            \"show_id\": 41,\n            \"seat_row\": \"J\",\n            \"seat_number\": 6,\n            \"price\": 800,\n            \"booking_status\": \"confirmed\",\n            \"booking_datetime\": \"2021-06-10 19:00:49\"\n        },\n        {\n            \"booking_id\": 168,\n            \"user_id\": 2,\n            \"show_id\": 41,\n            \"seat_row\": \"J\",\n            \"seat_number\": 5,\n            \"price\": 800,\n            \"booking_status\": \"confirmed\",\n            \"booking_datetime\": \"2021-06-10 19:00:50\"\n        },\n        {\n            \"booking_id\": 169,\n            \"user_id\": 2,\n            \"show_id\": 41,\n            \"seat_row\": \"J\",\n            \"seat_number\": 4,\n            \"price\": 800,\n            \"booking_status\": \"confirmed\",\n            \"booking_datetime\": \"2021-06-10 19:00:52\"\n        }\n    ]\n}"}]},{"name":"Get Booking By Id","id":"50a9193e-74e4-41ef-8f09-d1d5cf58be70","protocolProfileBehavior":{"disableBodyPruning":true},"request":{"method":"GET","header":[],"url":{"raw":"{{base_url}}/bookings/id/170","host":["{{base_url}}"],"path":["bookings","id","170"]},"description":"# Get a booking by id #\n\n## Response ##\n------------\n - `booking_id`\n - `user_id`\n - `show_id`\n - `seat_row`\n - `seat_number`\n - `price\": 700`\n - `booking_status`\n - `booking_datetime`"},"response":[{"id":"e3dd3d94-f897-41ca-b7d6-c2b9462637af","name":"Mock Get Booking By Id","originalRequest":{"method":"GET","header":[],"url":{"raw":"{{base_url}}/bookings/id/6","host":["{{base_url}}"],"path":["bookings","id","6"]}},"status":"OK","code":200,"_postman_previewlanguage":"json","header":[{"key":"X-Powered-By","value":"Express"},{"key":"Access-Control-Allow-Origin","value":"*"},{"key":"Content-Type","value":"application/json; charset=utf-8"},{"key":"Content-Length","value":"207"},{"key":"ETag","value":"W/\"cf-3w6SKCV+IJcC/Reyo+nZDaOLl/g\""},{"key":"Date","value":"Thu, 11 Mar 2021 12:08:06 GMT"},{"key":"Connection","value":"keep-alive"}],"cookie":[],"responseTime":null,"body":"{\n    \"headers\": {\n        \"success\": 1,\n        \"message\": \"Success\"\n    },\n    \"body\": {\n        \"booking_id\": 6,\n        \"user_id\": 2,\n        \"show_id\": 18,\n        \"seat_row\": \"B\",\n        \"seat_number\": 2,\n        \"price\": 700,\n        \"booking_status\": \"confirmed\",\n        \"booking_datetime\": \"2021-03-05 06:41:00\"\n    }\n}"}]},{"name":"Get filtered bookings","id":"e25f6430-6c46-4e3e-b0a4-d559dc2ed886","protocolProfileBehavior":{"disableBodyPruning":true},"request":{"method":"GET","header":[],"url":{"raw":"{{base_url}}/bookings/filters?user_id=10&show_id=22","host":["{{base_url}}"],"path":["bookings","filters"],"query":[{"key":"user_id","value":"10"},{"key":"id","value":"1","disabled":true},{"key":"show_id","value":"22"}]},"description":"# Get bookings with specificied filters #\n\n## Response ##\n------------\nList of booking details where each list item contains:\n - `booking_id`\n - `user_id`\n - `show_id`\n - `seat_row`\n - `seat_number`\n - `price\": 700`\n - `booking_status`\n - `booking_datetime`"},"response":[{"id":"4841839c-34b4-4edd-88e3-71fbc2d3ba97","name":"Mock Get filtered bookings","originalRequest":{"method":"GET","header":[],"url":{"raw":"{{base_url}}/bookings/filters?seat=A-11","host":["{{base_url}}"],"path":["bookings","filters"],"query":[{"key":"seat","value":"A-11"},{"key":"id","value":"1","disabled":true}]}},"status":"OK","code":200,"_postman_previewlanguage":"json","header":[{"key":"X-Powered-By","value":"Express"},{"key":"Access-Control-Allow-Origin","value":"*"},{"key":"Content-Type","value":"application/json; charset=utf-8"},{"key":"Content-Length","value":"169"},{"key":"ETag","value":"W/\"a9-jH6ivmuhcz1/bcfO1RQS34CxZZg\""},{"key":"Date","value":"Thu, 11 Mar 2021 12:08:24 GMT"},{"key":"Connection","value":"keep-alive"}],"cookie":[],"responseTime":null,"body":"{\n    \"headers\": {\n        \"success\": 1,\n        \"message\": \"Success\"\n    },\n    \"body\": [\n        {\n            \"booking_id\": 1,\n            \"user_id\": 1,\n            \"show_id\": 14,\n            \"seat_row\": \"A\",\n            \"seat_number\": 11,\n            \"price\": 700,\n            \"booking_status\": \"confirmed\"\n        }\n    ]\n}"}]},{"name":"Get User bookings","id":"12467691-76f8-42d0-b9ae-872d439adb2e","protocolProfileBehavior":{"disableBodyPruning":true},"request":{"method":"GET","header":[],"url":{"raw":"{{base_url}}/bookings/users/10?booking_status=reserved","host":["{{base_url}}"],"path":["bookings","users","10"],"query":[{"key":"id","value":"1","disabled":true},{"key":"booking_status","value":"reserved"}]},"description":"# Get bookings for a user #\n\n## Response ##\n------------\nList of booking details where each list item contains:\n - `booking_id`\n - `user_id`\n - `show_id`\n - `seat_row`\n - `seat_number`\n - `price\": 700`\n - `booking_status`\n - `booking_datetime`"},"response":[{"id":"84138e9a-0a42-4c91-9874-f55c1c5ece99","name":"Mock Get User bookings","originalRequest":{"method":"GET","header":[],"url":{"raw":"{{base_url}}/bookings/users/2","host":["{{base_url}}"],"path":["bookings","users","2"],"query":[{"key":"id","value":"1","disabled":true}]}},"status":"OK","code":200,"_postman_previewlanguage":"json","header":[{"key":"X-Powered-By","value":"Express"},{"key":"Access-Control-Allow-Origin","value":"*"},{"key":"Content-Type","value":"application/json; charset=utf-8"},{"key":"Content-Length","value":"502"},{"key":"ETag","value":"W/\"1f6-R/iVK8CCa22MARi1vyX8mXm3aO8\""},{"key":"Date","value":"Thu, 11 Mar 2021 12:59:32 GMT"},{"key":"Connection","value":"keep-alive"}],"cookie":[],"responseTime":null,"body":"{\n    \"headers\": {\n        \"success\": 1,\n        \"message\": \"Success\"\n    },\n    \"body\": [\n        {\n            \"title\": \"JOKER\",\n            \"poster_url\": \"https://pbs.twimg.com/media/EA4LLfsW4AErVjR.jpg\",\n            \"show\": {\n                \"show_id\": 41,\n                \"show_type\": \"3D\",\n                \"show_datetime\": \"2021-06-07 21:30:00\"\n            },\n            \"bookings\": [\n                {\n                    \"booking_id\": 164,\n                    \"price\": 800,\n                    \"seat_row\": \"E\",\n                    \"seat_number\": 1,\n                    \"booking_status\": \"confirmed\",\n                    \"booking_datetime\": \"2021-06-10 19:00:43\"\n                },\n                {\n                    \"booking_id\": 165,\n                    \"price\": 800,\n                    \"seat_row\": \"F\",\n                    \"seat_number\": 1,\n                    \"booking_status\": \"confirmed\",\n                    \"booking_datetime\": \"2021-06-10 19:00:45\"\n                },\n                {\n                    \"booking_id\": 166,\n                    \"price\": 800,\n                    \"seat_row\": \"G\",\n                    \"seat_number\": 1,\n                    \"booking_status\": \"confirmed\",\n                    \"booking_datetime\": \"2021-06-10 19:00:47\"\n                },\n                {\n                    \"booking_id\": 169,\n                    \"price\": 800,\n                    \"seat_row\": \"J\",\n                    \"seat_number\": 4,\n                    \"booking_status\": \"confirmed\",\n                    \"booking_datetime\": \"2021-06-10 19:00:52\"\n                },\n                {\n                    \"booking_id\": 168,\n                    \"price\": 800,\n                    \"seat_row\": \"J\",\n                    \"seat_number\": 5,\n                    \"booking_status\": \"confirmed\",\n                    \"booking_datetime\": \"2021-06-10 19:00:50\"\n                },\n                {\n                    \"booking_id\": 167,\n                    \"price\": 800,\n                    \"seat_row\": \"J\",\n                    \"seat_number\": 6,\n                    \"booking_status\": \"confirmed\",\n                    \"booking_datetime\": \"2021-06-10 19:00:49\"\n                }\n            ]\n        }\n    ]\n}"}]},{"name":"Get Show bookings","id":"3b931f6f-81c4-4e13-93de-c47485d7db1a","protocolProfileBehavior":{"disableBodyPruning":true},"request":{"method":"GET","header":[],"url":{"raw":"{{base_url}}/bookings/shows/30","host":["{{base_url}}"],"path":["bookings","shows","30"],"query":[{"key":"id","value":"1","disabled":true}]},"description":"# Get booked seats for a show #\n\n## Response ##\n------------\n`booked_seats` A list with each list item having:\n - `seat_row`\n - `seat_number`"},"response":[{"id":"402bf7c1-cca6-40c8-92f8-6b5f944d3520","name":"Mock Get Show bookings","originalRequest":{"method":"GET","header":[],"url":{"raw":"{{base_url}}/bookings/shows/14","host":["{{base_url}}"],"path":["bookings","shows","14"],"query":[{"key":"id","value":"1","disabled":true}]}},"status":"OK","code":200,"_postman_previewlanguage":"json","header":[{"key":"X-Powered-By","value":"Express"},{"key":"Access-Control-Allow-Origin","value":"*"},{"key":"Content-Type","value":"application/json; charset=utf-8"},{"key":"Content-Length","value":"173"},{"key":"ETag","value":"W/\"ad-F1LKt5FjmRb1B31GF5mBartrOg4\""},{"key":"Date","value":"Thu, 11 Mar 2021 14:25:20 GMT"},{"key":"Connection","value":"keep-alive"}],"cookie":[],"responseTime":null,"body":"{\n    \"headers\": {\n        \"success\": 1,\n        \"message\": \"Success\"\n    },\n    \"body\": {\n        \"booked_seats\": [\n            {\n                \"seat_row\": \"A\",\n                \"seat_number\": 11\n            },\n            {\n                \"seat_row\": \"A\",\n                \"seat_number\": 16\n            },\n            {\n                \"seat_row\": \"A\",\n                \"seat_number\": 17\n            }\n        ]\n    }\n}"}]},{"name":"Add a booking","id":"010b58ef-2afe-40af-8505-0f189bf31ff4","protocolProfileBehavior":{"disableBodyPruning":true},"request":{"method":"POST","header":[],"body":{"mode":"raw","raw":"{\r\n    \"user_id\":10,\r\n    \"booking_status\":\"reserved\",\r\n    \"show_id\":31,\r\n    \"seat\":\"D-3\",\r\n    \"price\":700,\r\n    \"booking_datetime\":\"2021-08-04 20:45:00\"\r\n}","options":{"raw":{"language":"json"}}},"url":{"raw":"{{base_url}}/bookings/","host":["{{base_url}}"],"path":["bookings",""]},"description":"# Add a new booking #\n------------\nThese parameters have special rules:\n### Booking Status ###\n`booking_status` can take one of three values:\n - `reserved` for temporary pre-payment booking.\n - `confirmed` for paid booking.\n - `cancelled` for refunded booking.\n\n### Seat ###\n - Be a string.\n - Have the format \"[seat_row]-[seat_number]\".\n\n### Booking Datetime ###\n - Be a string.\n - Have the format \"yyyy-mm-dd hh:mm:ss\".\n------------\n## Response ##\n------------\n - `booking_id` New booking's id.\n - `affected_rows` Should be 1."},"response":[{"id":"6eddcbf4-c09c-42a7-8e57-9cf27fa63cb4","name":"Mock Add a booking","originalRequest":{"method":"POST","header":[],"body":{"mode":"raw","raw":"{\r\n    \"user_id\":2,\r\n    \"booking_status\":\"reserved\",\r\n    \"show_id\":18,\r\n    \"seat\":\"B-3\",\r\n    \"price\":700,\r\n    \"booking_datetime\":\"2021-03-11 06:41:00\"\r\n}","options":{"raw":{"language":"json"}}},"url":{"raw":"{{base_url}}/bookings/","host":["{{base_url}}"],"path":["bookings",""]}},"status":"Created","code":201,"_postman_previewlanguage":"json","header":[{"key":"X-Powered-By","value":"Express"},{"key":"Access-Control-Allow-Origin","value":"*"},{"key":"Content-Type","value":"application/json; charset=utf-8"},{"key":"Content-Length","value":"100"},{"key":"ETag","value":"W/\"64-NJV6W7StBkEjto3MWYPH7Dt+/ZQ\""},{"key":"Date","value":"Thu, 11 Mar 2021 12:09:28 GMT"},{"key":"Connection","value":"keep-alive"}],"cookie":[],"responseTime":null,"body":"{\n    \"headers\": {\n        \"success\": 1,\n        \"message\": \"Booking was created!\"\n    },\n    \"body\": {\n        \"booking_id\": 7,\n        \"affected_rows\": 1\n    }\n}"}]},{"name":"Update a booking","id":"28acb738-d832-47e4-a5e2-5d9fa76f34fe","protocolProfileBehavior":{"disableBodyPruning":true},"request":{"method":"PATCH","header":[],"body":{"mode":"raw","raw":"{\r\n    \"booking_status\":\"confirmed\"\r\n}","options":{"raw":{"language":"json"}}},"url":{"raw":"{{base_url}}/bookings/id/170","host":["{{base_url}}"],"path":["bookings","id","170"]},"description":"# Update booking details #\n## Response ##\n------------\n - None</ul>\n\n***Note*** : `message` header indicates result."},"response":[{"id":"99ca5c88-b987-4f21-a752-cb3a2d8a4df4","name":"Mock Update a booking","originalRequest":{"method":"PATCH","header":[],"body":{"mode":"raw","raw":"{\r\n    \"booking_status\":\"cancelled\"\r\n}","options":{"raw":{"language":"json"}}},"url":{"raw":"{{base_url}}/bookings/id/6","host":["{{base_url}}"],"path":["bookings","id","6"]}},"status":"OK","code":200,"_postman_previewlanguage":"json","header":[{"key":"X-Powered-By","value":"Express"},{"key":"Access-Control-Allow-Origin","value":"*"},{"key":"Content-Type","value":"application/json; charset=utf-8"},{"key":"Content-Length","value":"116"},{"key":"ETag","value":"W/\"74-9rUnRxnq0oMgF9qxowgAwUyaXws\""},{"key":"Date","value":"Thu, 11 Mar 2021 12:10:03 GMT"},{"key":"Connection","value":"keep-alive"}],"cookie":[],"responseTime":null,"body":"{\n    \"headers\": {\n        \"success\": 1,\n        \"message\": \"Booking updated successfully\"\n    },\n    \"body\": \"Rows matched: 1  Changed: 1  Warnings: 0\"\n}"}]},{"name":"Delete a booking","id":"3dcd7e4c-5a1f-4895-bcc4-7296bf754a9c","protocolProfileBehavior":{"disableBodyPruning":true},"request":{"method":"DELETE","header":[],"url":{"raw":"{{base_url}}/bookings/id/170","host":["{{base_url}}"],"path":["bookings","id","170"]},"description":"# Delete a booking #\n## Response ##\n------------\n - None</ul>\n\n***Note*** : `message` header indicates result."},"response":[{"id":"f21da6a6-6926-49ab-b73b-6d16789ce38b","name":"Mock Delete a booking","originalRequest":{"method":"DELETE","header":[],"url":{"raw":"{{base_url}}/bookings/id/7","host":["{{base_url}}"],"path":["bookings","id","7"]}},"status":"OK","code":200,"_postman_previewlanguage":"json","header":[{"key":"X-Powered-By","value":"Express"},{"key":"Access-Control-Allow-Origin","value":"*"},{"key":"Content-Type","value":"application/json; charset=utf-8"},{"key":"Content-Length","value":"72"},{"key":"ETag","value":"W/\"48-3pw1qSyBLqkQfmvuK0DO0EjjLAw\""},{"key":"Date","value":"Thu, 11 Mar 2021 12:10:51 GMT"},{"key":"Connection","value":"keep-alive"}],"cookie":[],"responseTime":null,"body":"{\n    \"headers\": {\n        \"success\": 1,\n        \"message\": \"Booking has been deleted\"\n    },\n    \"body\": {}\n}"}]}],"auth":{"type":"bearer","bearer":[{"key":"token","value":"{{token}}","type":"string"}]},"event":[{"listen":"prerequest","script":{"id":"f819c50d-be2a-4626-911a-20956a78ffbb","type":"text/javascript","exec":[""]}},{"listen":"test","script":{"id":"1674ba8f-efd3-41f6-9df5-269fa928a427","type":"text/javascript","exec":[""]}}]}