{"info":{"_postman_id":"ac38c0d2-1726-4f7e-afba-db16d486cb61","name":"users","description":"A collection of requests for `/users` endpoint.","schema":"https://schema.getpostman.com/json/collection/v2.1.0/collection.json"},"item":[{"name":"Get All Users","id":"9e2c8b69-00b8-45f1-9087-9f7f27dff1ee","protocolProfileBehavior":{"disableBodyPruning":true},"request":{"method":"GET","header":[],"url":{"raw":"{{base_url}}/users/","host":["{{base_url}}"],"path":["users",""]},"description":"# Get all users #\n\n## Response ##\n------------\nList of booking details where each list item contains:\n - `user_id`\n - `full_name`\n - `email`\n - `address`\n - `contact`\n - `role`"},"response":[{"id":"8cd4b2b3-b713-444d-9c0d-5ab2b55e24a0","name":"Mock Get All Users","originalRequest":{"method":"GET","header":[],"url":{"raw":"{{base_url}}/users/","host":["{{base_url}}"],"path":["users",""]}},"status":"OK","code":200,"_postman_previewlanguage":"json","header":[{"key":"X-Powered-By","value":"Express"},{"key":"Access-Control-Allow-Origin","value":"*"},{"key":"Content-Type","value":"application/json; charset=utf-8"},{"key":"Content-Length","value":"709"},{"key":"ETag","value":"W/\"2c5-pnmYvkExwPjPbechNzesmWtkBX8\""},{"key":"Date","value":"Thu, 11 Mar 2021 13:02:45 GMT"},{"key":"Connection","value":"keep-alive"}],"cookie":[],"responseTime":null,"body":"{\n    \"headers\": {\n        \"success\": 1,\n        \"message\": \"Success\"\n    },\n    \"body\": [\n        {\n            \"user_id\": 1,\n            \"full_name\": \"Test Admin\",\n            \"email\": \"admin@gmail.com\",\n            \"address\": \"Karachi\",\n            \"contact\": \"+923009999999\",\n            \"role\": \"admin\"\n        },\n        {\n            \"user_id\": 2,\n            \"full_name\": \"Test User\",\n            \"email\": \"user@gmail.com\",\n            \"address\": \"Karachi\",\n            \"contact\": \"+923009999999\",\n            \"role\": \"api_user\"\n        },\n        {\n            \"user_id\": 10,\n            \"full_name\": \"Email Test User\",\n            \"email\": \"arafaysaleem@gmail.com\",\n            \"address\": \"Karachi\",\n            \"contact\": \"+923009999999\",\n            \"role\": \"api_user\"\n        },\n        {\n            \"user_id\": 11,\n            \"full_name\": \"Test User\",\n            \"email\": \"user2@gmail.com\",\n            \"address\": \"Karachi\",\n            \"contact\": \"+923009999999\",\n            \"role\": \"api_user\"\n        },\n        {\n            \"user_id\": 14,\n            \"full_name\": \"Test User 3\",\n            \"email\": \"user3@gmail.com\",\n            \"address\": \"Karachi\",\n            \"contact\": \"+923009999999\",\n            \"role\": \"api_user\"\n        }\n    ]\n}"}]},{"name":"Get User By Id","id":"f32d0465-5dba-46a8-8ab9-a12d3086fdb3","protocolProfileBehavior":{"disableBodyPruning":true},"request":{"method":"GET","header":[],"url":{"raw":"{{base_url}}/users/id/44","host":["{{base_url}}"],"path":["users","id","44"]},"description":"# Get a user by id#\n\n## Response ##\n------------\n - `user_id`\n - `full_name`\n - `email`\n - `address`\n - `contact`\n - `role`"},"response":[{"id":"3b3f8316-bfef-4645-9b7f-cf45865b9486","name":"Mock Get User By Id","originalRequest":{"method":"GET","header":[],"url":{"raw":"{{base_url}}/users/id/44","host":["{{base_url}}"],"path":["users","id","44"]}},"status":"Not Found","code":404,"_postman_previewlanguage":"json","header":[{"key":"X-Powered-By","value":"Express"},{"key":"Access-Control-Allow-Origin","value":"*"},{"key":"Content-Type","value":"application/json; charset=utf-8"},{"key":"Content-Length","value":"117"},{"key":"ETag","value":"W/\"75-I/iA+0576xdsF5DONz/F3+uWPu8\""},{"key":"Date","value":"Thu, 11 Mar 2021 13:02:56 GMT"},{"key":"Connection","value":"keep-alive"}],"cookie":[],"responseTime":null,"body":"{\n    \"headers\": {\n        \"success\": \"0\",\n        \"error\": \"NotFoundException\",\n        \"code\": 1,\n        \"message\": \"Database Error: User not found\"\n    },\n    \"body\": {}\n}"}]},{"name":"Update A User","id":"dfe2abe3-c9dd-47c0-8c08-73047ff4c5e3","protocolProfileBehavior":{"disableBodyPruning":true},"request":{"auth":{"type":"bearer","bearer":[{"key":"token","value":"eyJhbGciOiJIUzI1NiIsInR5cCI6IkpXVCJ9.eyJ1c2VyX2lkIjoiMiIsImlhdCI6MTYxMzU4MjE0NiwiZXhwIjoxNjEzNjY4NTQ2fQ.6PXQT7GBqWOl8AxDx9Jqk-koy5BEnBoaU3W-ONz82MY","type":"string"}]},"method":"PATCH","header":[],"body":{"mode":"raw","raw":"{\r\n    \"role\":\"admin\"\r\n}","options":{"raw":{"language":"json"}}},"url":{"raw":"{{base_url}}/users/id/2","host":["{{base_url}}"],"path":["users","id","2"]},"description":"# Update user details #\n## Response ##\n------------\n - None</ul>\n\n***Note*** : `message` header indicates result."},"response":[]}],"auth":{"type":"bearer","bearer":[{"key":"token","value":"{{token}}","type":"string"}]},"event":[{"listen":"prerequest","script":{"id":"666206e2-c3e7-4888-a65a-3702839b7ac8","type":"text/javascript","exec":[""]}},{"listen":"test","script":{"id":"1688f587-4996-4ab3-bea2-b5e87ab8d7a8","type":"text/javascript","exec":[""]}}]}