{"info":{"_postman_id":"3f69493f-51c1-4290-9958-dae8fc49cad0","name":"bookings","schema":"https://schema.getpostman.com/json/collection/v2.1.0/collection.json"},"item":[{"name":"Get all bookings","id":"1d8fb36a-8da9-41ce-96c2-d5eb5b3235fd","protocolProfileBehavior":{"disableBodyPruning":true},"request":{"method":"GET","header":[],"url":{"raw":"{{base_url}}/bookings","host":["{{base_url}}"],"path":["bookings"]}},"response":[]},{"name":"Get Booking By Id","id":"51288e48-9743-4c78-ac28-1c0868fc0bed","protocolProfileBehavior":{"disableBodyPruning":true},"request":{"method":"GET","header":[],"url":{"raw":"{{base_url}}/bookings/id/6","host":["{{base_url}}"],"path":["bookings","id","6"]}},"response":[]},{"name":"Get filtered bookings","id":"f7f56e12-bf7e-4b0a-aab3-d2ce978de79e","protocolProfileBehavior":{"disableBodyPruning":true},"request":{"method":"POST","header":[],"body":{"mode":"raw","raw":"{\r\n    \r\n    \"seat\":\"A-11\"\r\n}","options":{"raw":{"language":"json"}}},"url":{"raw":"{{base_url}}/bookings/filters","host":["{{base_url}}"],"path":["bookings","filters"]}},"response":[]},{"name":"Add a booking","id":"9cc589a3-f3b0-4c66-b89b-643005b970b8","protocolProfileBehavior":{"disableBodyPruning":true},"request":{"method":"POST","header":[],"body":{"mode":"raw","raw":"{\r\n    \"user_id\":2,\r\n    \"booking_status\":\"reserved\",\r\n    \"show_id\":18,\r\n    \"seat\":\"B-2\",\r\n    \"price\":700,\r\n    \"booking_datetime\":\"2021-03-05 06:41:00\"\r\n}","options":{"raw":{"language":"json"}}},"url":{"raw":"{{base_url}}/bookings/","host":["{{base_url}}"],"path":["bookings",""]}},"response":[]},{"name":"Update a booking","id":"3626743e-97eb-4c77-880f-b5b258088808","protocolProfileBehavior":{"disableBodyPruning":true},"request":{"method":"PATCH","header":[],"body":{"mode":"raw","raw":"{\r\n    \"booking_status\":\"confirmed\"\r\n}","options":{"raw":{"language":"json"}}},"url":{"raw":"{{base_url}}/bookings/id/6","host":["{{base_url}}"],"path":["bookings","id","6"]}},"response":[]},{"name":"Delete a booking","id":"63f3d8b1-9203-410d-8426-26e119ccc771","protocolProfileBehavior":{"disableBodyPruning":true},"request":{"method":"DELETE","header":[],"url":{"raw":"{{base_url}}/bookings/id/4","host":["{{base_url}}"],"path":["bookings","id","4"]}},"response":[]}],"auth":{"type":"bearer","bearer":[{"key":"token","value":"eyJhbGciOiJIUzI1NiIsInR5cCI6IkpXVCJ9.eyJ1c2VyX2lkIjoiMSIsImlhdCI6MTYxNDk0NDQzNywiZXhwIjoxNjE1MDMwODM3fQ.kMzszCeIESudY29NRgDJ_t03QpYHNkRmMHUd7V_zeI4","type":"string"}]},"event":[{"listen":"prerequest","script":{"id":"c15198d3-861c-4f52-8ea3-7287185c65a3","type":"text/javascript","exec":[""]}},{"listen":"test","script":{"id":"719e8424-fd99-4c84-8ca8-54d3953e55e1","type":"text/javascript","exec":[""]}}]}