{"info":{"_postman_id":"c376c715-c09b-4317-887c-837d65b4feb9","name":"shows","schema":"https://schema.getpostman.com/json/collection/v2.1.0/collection.json"},"item":[{"name":"Get All Shows","id":"a6c2476a-5f9f-4fb0-8508-8373318af4db","protocolProfileBehavior":{"disableBodyPruning":true},"request":{"method":"GET","header":[],"url":{"raw":"{{base_url}}/shows","host":["{{base_url}}"],"path":["shows"]}},"response":[]},{"name":"Get Filtered Shows","id":"c8a49380-6ca3-4d38-98dd-d7f9d24eb6ec","protocolProfileBehavior":{"disableBodyPruning":true},"request":{"method":"POST","header":[],"body":{"mode":"raw","raw":"{\r\n    \"date\":\"2021-03-16\"\r\n}","options":{"raw":{"language":"json"}}},"url":{"raw":"{{base_url}}/shows/filters","host":["{{base_url}}"],"path":["shows","filters"]}},"response":[]},{"name":"Get Show By Id","id":"8725dc5e-eb7c-4ac7-8d7e-6586fcdfe90e","protocolProfileBehavior":{"disableBodyPruning":true},"request":{"method":"GET","header":[],"body":{"mode":"raw","raw":"","options":{"raw":{"language":"json"}}},"url":{"raw":"{{base_url}}/shows/id/20","host":["{{base_url}}"],"path":["shows","id","20"]}},"response":[]},{"name":"Add a show","id":"ba8e71e1-b7a9-4cac-8711-82897db71ba9","protocolProfileBehavior":{"disableBodyPruning":true},"request":{"method":"POST","header":[],"body":{"mode":"raw","raw":"{\r\n    \"start_time\":\"10:00\",\r\n    \"end_time\":\"12:15\",\r\n    \"date\":\"2021-03-16\",\r\n    \"show_status\":\"full\",\r\n    \"theater_id\": 10,\r\n    \"movie_id\": 4\r\n}","options":{"raw":{"language":"json"}}},"url":{"raw":"{{base_url}}/shows","host":["{{base_url}}"],"path":["shows"]}},"response":[]},{"name":"Update a show","id":"498838f1-2413-4362-b575-66dff5b81ab8","protocolProfileBehavior":{"disableBodyPruning":true},"request":{"method":"PATCH","header":[],"body":{"mode":"raw","raw":"{\r\n    \"theater_id\":10,\r\n    \"start_time\":\"11:30\",\r\n    \"end_time\":\"13:45\",\r\n    \"date\":\"2021-03-16\"\r\n}","options":{"raw":{"language":"json"}}},"url":{"raw":"{{base_url}}/shows/id/20","host":["{{base_url}}"],"path":["shows","id","20"]}},"response":[]}],"auth":{"type":"bearer","bearer":[{"key":"token","value":"eyJhbGciOiJIUzI1NiIsInR5cCI6IkpXVCJ9.eyJ1c2VyX2lkIjoiMSIsImlhdCI6MTYxNDU2MTA2NywiZXhwIjoxNjE0NjQ3NDY3fQ.2pTnnXRArMRshe_I7YCoI-NUFjkXwTQNMxyCJMHh7k4","type":"string"}]},"event":[{"listen":"prerequest","script":{"id":"63e99052-6adb-472d-967a-4b63c1fcc7d7","type":"text/javascript","exec":[""]}},{"listen":"test","script":{"id":"6ebc601e-13f4-43cf-b3f3-a3c9321ec165","type":"text/javascript","exec":[""]}}]}