{"info":{"_postman_id":"3f69493f-51c1-4290-9958-dae8fc49cad0","name":"bookings","schema":"https://schema.getpostman.com/json/collection/v2.1.0/collection.json"},"item":[{"name":"Get all bookings","id":"1d8fb36a-8da9-41ce-96c2-d5eb5b3235fd","protocolProfileBehavior":{"disableBodyPruning":true},"request":{"method":"GET","header":[],"url":{"raw":"{{base_url}}/bookings","host":["{{base_url}}"],"path":["bookings"]}},"response":[{"id":"8ea863c5-ffdd-4e16-8798-70a162e813b9","name":"Mock Get all bookings","originalRequest":{"method":"GET","header":[],"url":{"raw":"{{base_url}}/bookings","host":["{{base_url}}"],"path":["bookings"]}},"status":"OK","code":200,"_postman_previewlanguage":"json","header":[{"key":"X-Powered-By","value":"Express"},{"key":"Access-Control-Allow-Origin","value":"*"},{"key":"Content-Type","value":"application/json; charset=utf-8"},{"key":"Content-Length","value":"554"},{"key":"ETag","value":"W/\"22a-ROuWTcKgsSbTzNM5lIQ/rk41SO8\""},{"key":"Date","value":"Thu, 11 Mar 2021 12:07:46 GMT"},{"key":"Connection","value":"keep-alive"}],"cookie":[],"responseTime":null,"body":"{\n    \"headers\": {\n        \"success\": 1,\n        \"message\": \"Success\"\n    },\n    \"body\": [\n        {\n            \"booking_id\": 1,\n            \"user_id\": 1,\n            \"show_id\": 14,\n            \"seat_row\": \"A\",\n            \"seat_number\": 11,\n            \"price\": 700,\n            \"booking_status\": \"confirmed\"\n        },\n        {\n            \"booking_id\": 2,\n            \"user_id\": 2,\n            \"show_id\": 14,\n            \"seat_row\": \"A\",\n            \"seat_number\": 16,\n            \"price\": 700,\n            \"booking_status\": \"confirmed\"\n        },\n        {\n            \"booking_id\": 3,\n            \"user_id\": 2,\n            \"show_id\": 14,\n            \"seat_row\": \"A\",\n            \"seat_number\": 17,\n            \"price\": 700,\n            \"booking_status\": \"confirmed\"\n        },\n        {\n            \"booking_id\": 6,\n            \"user_id\": 2,\n            \"show_id\": 18,\n            \"seat_row\": \"B\",\n            \"seat_number\": 2,\n            \"price\": 700,\n            \"booking_status\": \"confirmed\",\n            \"booking_datetime\": \"2021-03-05 06:41:00\"\n        }\n    ]\n}"}]},{"name":"Get Booking By Id","id":"51288e48-9743-4c78-ac28-1c0868fc0bed","protocolProfileBehavior":{"disableBodyPruning":true},"request":{"method":"GET","header":[],"url":{"raw":"{{base_url}}/bookings/id/6","host":["{{base_url}}"],"path":["bookings","id","6"]}},"response":[{"id":"176c4da9-b4d7-4c60-962b-181c4ead1b41","name":"Mock Get Booking By Id","originalRequest":{"method":"GET","header":[],"url":{"raw":"{{base_url}}/bookings/id/6","host":["{{base_url}}"],"path":["bookings","id","6"]}},"status":"OK","code":200,"_postman_previewlanguage":"json","header":[{"key":"X-Powered-By","value":"Express"},{"key":"Access-Control-Allow-Origin","value":"*"},{"key":"Content-Type","value":"application/json; charset=utf-8"},{"key":"Content-Length","value":"207"},{"key":"ETag","value":"W/\"cf-3w6SKCV+IJcC/Reyo+nZDaOLl/g\""},{"key":"Date","value":"Thu, 11 Mar 2021 12:08:06 GMT"},{"key":"Connection","value":"keep-alive"}],"cookie":[],"responseTime":null,"body":"{\n    \"headers\": {\n        \"success\": 1,\n        \"message\": \"Success\"\n    },\n    \"body\": {\n        \"booking_id\": 6,\n        \"user_id\": 2,\n        \"show_id\": 18,\n        \"seat_row\": \"B\",\n        \"seat_number\": 2,\n        \"price\": 700,\n        \"booking_status\": \"confirmed\",\n        \"booking_datetime\": \"2021-03-05 06:41:00\"\n    }\n}"}]},{"name":"Get filtered bookings","id":"f7f56e12-bf7e-4b0a-aab3-d2ce978de79e","protocolProfileBehavior":{"disableBodyPruning":true},"request":{"method":"GET","header":[],"url":{"raw":"{{base_url}}/bookings/filters?seat=A-11","host":["{{base_url}}"],"path":["bookings","filters"],"query":[{"key":"id","value":"1","disabled":true},{"key":"seat","value":"A-11"}]}},"response":[{"id":"cf40be5e-d9aa-42a0-ac01-712025f7b1db","name":"Mock Get filtered bookings","originalRequest":{"method":"GET","header":[],"url":{"raw":"{{base_url}}/bookings/filters?seat=A-11","host":["{{base_url}}"],"path":["bookings","filters"],"query":[{"key":"id","value":"1","disabled":true},{"key":"seat","value":"A-11"}]}},"status":"OK","code":200,"_postman_previewlanguage":"json","header":[{"key":"X-Powered-By","value":"Express"},{"key":"Access-Control-Allow-Origin","value":"*"},{"key":"Content-Type","value":"application/json; charset=utf-8"},{"key":"Content-Length","value":"169"},{"key":"ETag","value":"W/\"a9-jH6ivmuhcz1/bcfO1RQS34CxZZg\""},{"key":"Date","value":"Thu, 11 Mar 2021 12:08:24 GMT"},{"key":"Connection","value":"keep-alive"}],"cookie":[],"responseTime":null,"body":"{\n    \"headers\": {\n        \"success\": 1,\n        \"message\": \"Success\"\n    },\n    \"body\": [\n        {\n            \"booking_id\": 1,\n            \"user_id\": 1,\n            \"show_id\": 14,\n            \"seat_row\": \"A\",\n            \"seat_number\": 11,\n            \"price\": 700,\n            \"booking_status\": \"confirmed\"\n        }\n    ]\n}"}]},{"name":"Get User bookings","id":"c6b84107-9b3a-4b09-889c-32b75358fb2e","protocolProfileBehavior":{"disableBodyPruning":true},"request":{"method":"GET","header":[],"url":{"raw":"{{base_url}}/bookings/users/2","host":["{{base_url}}"],"path":["bookings","users","2"],"query":[{"key":"id","value":"1","disabled":true}]}},"response":[{"id":"042c2b5f-5a2c-4e95-ad93-27ffa75d8674","name":"Mock Get User bookings","originalRequest":{"method":"GET","header":[],"url":{"raw":"{{base_url}}/bookings/users/2","host":["{{base_url}}"],"path":["bookings","users","2"],"query":[{"key":"id","value":"1","disabled":true}]}},"status":"OK","code":200,"_postman_previewlanguage":"json","header":[{"key":"X-Powered-By","value":"Express"},{"key":"Access-Control-Allow-Origin","value":"*"},{"key":"Content-Type","value":"application/json; charset=utf-8"},{"key":"Content-Length","value":"502"},{"key":"ETag","value":"W/\"1f6-R/iVK8CCa22MARi1vyX8mXm3aO8\""},{"key":"Date","value":"Thu, 11 Mar 2021 12:59:32 GMT"},{"key":"Connection","value":"keep-alive"}],"cookie":[],"responseTime":null,"body":"{\n    \"headers\": {\n        \"success\": 1,\n        \"message\": \"Success\"\n    },\n    \"body\": [\n        {\n            \"user_id\": 2,\n            \"full_name\": \"Test User\",\n            \"email\": \"user@gmail.com\",\n            \"address\": \"Karachi\",\n            \"contact\": \"+923009999999\",\n            \"role\": \"api_user\",\n            \"bookings\": [\n                {\n                    \"booking_id\": 2,\n                    \"show_id\": 14,\n                    \"price\": 700,\n                    \"seat_row\": \"A\",\n                    \"seat_number\": 16,\n                    \"booking_status\": \"confirmed\"\n                },\n                {\n                    \"booking_id\": 3,\n                    \"show_id\": 14,\n                    \"price\": 700,\n                    \"seat_row\": \"A\",\n                    \"seat_number\": 17,\n                    \"booking_status\": \"confirmed\"\n                },\n                {\n                    \"booking_id\": 6,\n                    \"show_id\": 18,\n                    \"price\": 700,\n                    \"seat_row\": \"B\",\n                    \"seat_number\": 2,\n                    \"booking_status\": \"cancelled\"\n                }\n            ]\n        }\n    ]\n}"}]},{"name":"Get Show bookings","id":"150edf36-0dc4-4bdb-a3b0-c5fa35dc64e8","protocolProfileBehavior":{"disableBodyPruning":true},"request":{"method":"GET","header":[],"url":{"raw":"{{base_url}}/bookings/shows/14","host":["{{base_url}}"],"path":["bookings","shows","14"],"query":[{"key":"id","value":"1","disabled":true}]}},"response":[{"id":"a8532f72-ffbb-40d2-8a2c-3becd9028c61","name":"Mock Get Show bookings","originalRequest":{"method":"GET","header":[],"url":{"raw":"{{base_url}}/bookings/shows/14","host":["{{base_url}}"],"path":["bookings","shows","14"],"query":[{"key":"id","value":"1","disabled":true}]}},"status":"OK","code":200,"_postman_previewlanguage":"json","header":[{"key":"X-Powered-By","value":"Express"},{"key":"Access-Control-Allow-Origin","value":"*"},{"key":"Content-Type","value":"application/json; charset=utf-8"},{"key":"Content-Length","value":"173"},{"key":"ETag","value":"W/\"ad-F1LKt5FjmRb1B31GF5mBartrOg4\""},{"key":"Date","value":"Thu, 11 Mar 2021 14:25:20 GMT"},{"key":"Connection","value":"keep-alive"}],"cookie":[],"responseTime":null,"body":"{\n    \"headers\": {\n        \"success\": 1,\n        \"message\": \"Success\"\n    },\n    \"body\": {\n        \"booked_seats\": [\n            {\n                \"seat_row\": \"A\",\n                \"seat_number\": 11\n            },\n            {\n                \"seat_row\": \"A\",\n                \"seat_number\": 16\n            },\n            {\n                \"seat_row\": \"A\",\n                \"seat_number\": 17\n            }\n        ]\n    }\n}"}]},{"name":"Add a booking","id":"9cc589a3-f3b0-4c66-b89b-643005b970b8","protocolProfileBehavior":{"disableBodyPruning":true},"request":{"method":"POST","header":[],"body":{"mode":"raw","raw":"{\r\n    \"user_id\":2,\r\n    \"booking_status\":\"reserved\",\r\n    \"show_id\":18,\r\n    \"seat\":\"B-3\",\r\n    \"price\":700,\r\n    \"booking_datetime\":\"2021-03-11 06:41:00\"\r\n}","options":{"raw":{"language":"json"}}},"url":{"raw":"{{base_url}}/bookings/","host":["{{base_url}}"],"path":["bookings",""]}},"response":[{"id":"d71caf8f-6cda-4cfd-b85f-504c907c25ce","name":"Mock Add a booking","originalRequest":{"method":"POST","header":[],"body":{"mode":"raw","raw":"{\r\n    \"user_id\":2,\r\n    \"booking_status\":\"reserved\",\r\n    \"show_id\":18,\r\n    \"seat\":\"B-3\",\r\n    \"price\":700,\r\n    \"booking_datetime\":\"2021-03-11 06:41:00\"\r\n}","options":{"raw":{"language":"json"}}},"url":{"raw":"{{base_url}}/bookings/","host":["{{base_url}}"],"path":["bookings",""]}},"status":"Created","code":201,"_postman_previewlanguage":"json","header":[{"key":"X-Powered-By","value":"Express"},{"key":"Access-Control-Allow-Origin","value":"*"},{"key":"Content-Type","value":"application/json; charset=utf-8"},{"key":"Content-Length","value":"100"},{"key":"ETag","value":"W/\"64-NJV6W7StBkEjto3MWYPH7Dt+/ZQ\""},{"key":"Date","value":"Thu, 11 Mar 2021 12:09:28 GMT"},{"key":"Connection","value":"keep-alive"}],"cookie":[],"responseTime":null,"body":"{\n    \"headers\": {\n        \"success\": 1,\n        \"message\": \"Booking was created!\"\n    },\n    \"body\": {\n        \"booking_id\": 7,\n        \"affected_rows\": 1\n    }\n}"}]},{"name":"Update a booking","id":"3626743e-97eb-4c77-880f-b5b258088808","protocolProfileBehavior":{"disableBodyPruning":true},"request":{"method":"PATCH","header":[],"body":{"mode":"raw","raw":"{\r\n    \"booking_status\":\"cancelled\"\r\n}","options":{"raw":{"language":"json"}}},"url":{"raw":"{{base_url}}/bookings/id/6","host":["{{base_url}}"],"path":["bookings","id","6"]}},"response":[{"id":"39a4a364-707d-4331-bd0a-81670e63f258","name":"Mock Update a booking","originalRequest":{"method":"PATCH","header":[],"body":{"mode":"raw","raw":"{\r\n    \"booking_status\":\"cancelled\"\r\n}","options":{"raw":{"language":"json"}}},"url":{"raw":"{{base_url}}/bookings/id/6","host":["{{base_url}}"],"path":["bookings","id","6"]}},"status":"OK","code":200,"_postman_previewlanguage":"json","header":[{"key":"X-Powered-By","value":"Express"},{"key":"Access-Control-Allow-Origin","value":"*"},{"key":"Content-Type","value":"application/json; charset=utf-8"},{"key":"Content-Length","value":"116"},{"key":"ETag","value":"W/\"74-9rUnRxnq0oMgF9qxowgAwUyaXws\""},{"key":"Date","value":"Thu, 11 Mar 2021 12:10:03 GMT"},{"key":"Connection","value":"keep-alive"}],"cookie":[],"responseTime":null,"body":"{\n    \"headers\": {\n        \"success\": 1,\n        \"message\": \"Booking updated successfully\"\n    },\n    \"body\": \"Rows matched: 1  Changed: 1  Warnings: 0\"\n}"}]},{"name":"Delete a booking","id":"63f3d8b1-9203-410d-8426-26e119ccc771","protocolProfileBehavior":{"disableBodyPruning":true},"request":{"method":"DELETE","header":[],"url":{"raw":"{{base_url}}/bookings/id/7","host":["{{base_url}}"],"path":["bookings","id","7"]}},"response":[{"id":"bad6f3e5-7de0-4f4b-987a-2de692a4fd4b","name":"Mock Delete a booking","originalRequest":{"method":"DELETE","header":[],"url":{"raw":"{{base_url}}/bookings/id/7","host":["{{base_url}}"],"path":["bookings","id","7"]}},"status":"OK","code":200,"_postman_previewlanguage":"json","header":[{"key":"X-Powered-By","value":"Express"},{"key":"Access-Control-Allow-Origin","value":"*"},{"key":"Content-Type","value":"application/json; charset=utf-8"},{"key":"Content-Length","value":"72"},{"key":"ETag","value":"W/\"48-3pw1qSyBLqkQfmvuK0DO0EjjLAw\""},{"key":"Date","value":"Thu, 11 Mar 2021 12:10:51 GMT"},{"key":"Connection","value":"keep-alive"}],"cookie":[],"responseTime":null,"body":"{\n    \"headers\": {\n        \"success\": 1,\n        \"message\": \"Booking has been deleted\"\n    },\n    \"body\": {}\n}"}]}],"auth":{"type":"bearer","bearer":[{"key":"token","value":"eyJhbGciOiJIUzI1NiIsInR5cCI6IkpXVCJ9.eyJ1c2VyX2lkIjoiMSIsImlhdCI6MTYxNTQ2Mzk2MCwiZXhwIjoxNjE1NTUwMzYwfQ.JcZyZpeqnRK5N6DOMOTteOf0tTLLEShKCWaCwi_NR3Q","type":"string"}]},"event":[{"listen":"prerequest","script":{"id":"ae37d7f4-79c5-453e-911e-f13661357c38","type":"text/javascript","exec":[""]}},{"listen":"test","script":{"id":"9c259ea4-656d-416f-822d-fa66d636a292","type":"text/javascript","exec":[""]}}]}