{"info":{"_postman_id":"45f58c4e-c8ca-41ef-8cd6-2ad28858960f","name":"LMS","schema":"https://schema.getpostman.com/json/collection/v2.1.0/collection.json"},"item":[{"name":"https://mvzo6ikn6kswnep-db202010291259.adb.me-dubai-1.oraclecloudapps.com/ords/lms/genres/","id":"9ba95801-2ca0-449b-9e17-a85b6afdca9c","protocolProfileBehavior":{"disableBodyPruning":true},"request":{"auth":{"type":"basic","basic":[{"key":"username","value":"DEV","type":"string"},{"key":"password","value":"QQRjzyPs2rvmYSk","type":"string"}]},"method":"GET","header":[{"key":"Content-Type","value":"application/json","type":"text","disabled":true}],"url":{"raw":"https://mvzo6ikn6kswnep-db202010291259.adb.me-dubai-1.oraclecloudapps.com/ords/lms/genres/","protocol":"https","host":["mvzo6ikn6kswnep-db202010291259","adb","me-dubai-1","oraclecloudapps","com"],"path":["ords","lms","genres",""]}},"response":[]},{"name":"https://mvzo6ikn6kswnep-db202010291259.adb.me-dubai-1.oraclecloudapps.com/ords/lms/book_copies_issues/","id":"ac357c15-8636-4e58-9852-73475a638285","protocolProfileBehavior":{"disabledSystemHeaders":{},"disableBodyPruning":true},"request":{"method":"POST","header":[],"body":{"mode":"raw","raw":"{\r\n    \"m_id\": \"22\",\r\n    \"copy_id\": \"23\",\r\n    \"issue_date\": \"2020-11-20T00:00:00.123Z\",\r\n    \"due_date\": \"2020-12-20T00:00:00.123Z\"\r\n}","options":{"raw":{"language":"json"}}},"url":{"raw":"https://mvzo6ikn6kswnep-db202010291259.adb.me-dubai-1.oraclecloudapps.com/ords/lms/book_copies_issues/","protocol":"https","host":["mvzo6ikn6kswnep-db202010291259","adb","me-dubai-1","oraclecloudapps","com"],"path":["ords","lms","book_copies_issues",""]}},"response":[]}],"auth":{"type":"basic","basic":[{"key":"username","value":"DEV","type":"string"},{"key":"password","value":"QQRjzyPs2rvmYSk","type":"string"}]}}