{"info":{"_postman_id":"5387b59f-f701-471c-9359-4e6d7f26e31e","name":"roles","schema":"https://schema.getpostman.com/json/collection/v2.1.0/collection.json"},"item":[{"name":"Get All Roles","id":"b69b7dc5-dcb6-44f2-a3f7-bf6d6fcbd0b3","protocolProfileBehavior":{"disableBodyPruning":true},"request":{"method":"GET","header":[],"url":{"raw":"{{base_url}}/roles","host":["{{base_url}}"],"path":["roles"]}},"response":[{"id":"b3b59134-2b6f-4078-bee0-84c0030b7264","name":"Mock Get All Roles","originalRequest":{"method":"GET","header":[],"url":{"raw":"{{base_url}}/roles","host":["{{base_url}}"],"path":["roles"]}},"status":"OK","code":200,"_postman_previewlanguage":"json","header":[{"key":"X-Powered-By","value":"Express"},{"key":"Access-Control-Allow-Origin","value":"*"},{"key":"Content-Type","value":"application/json; charset=utf-8"},{"key":"Content-Length","value":"4404"},{"key":"ETag","value":"W/\"1134-O0kDuMW2kgdHEBGh0Ev9o2cEtkE\""},{"key":"Date","value":"Thu, 11 Mar 2021 13:00:09 GMT"},{"key":"Connection","value":"keep-alive"}],"cookie":[],"responseTime":null,"body":"{\n    \"headers\": {\n        \"success\": 1,\n        \"message\": \"Success\"\n    },\n    \"body\": [\n        {\n            \"role_id\": 1,\n            \"full_name\": \"Mrs. Lady\",\n            \"age\": 29,\n            \"picture_url\": \"https://www.biography.com/.image/t_share/MTE5NTU2MzE2Mzg0MTY3NDM1/quentin-tarantino-9502086-1-402.jpg\",\n            \"movies\": [\n                {\n                    \"movie_id\": 1,\n                    \"role_type\": \"director\",\n                    \"title\": \"GOOGLE\",\n                    \"summary\": \"Fearsome bitches.\",\n                    \"year\": 2012,\n                    \"rating\": \"0.9\",\n                    \"trailer_url\": \"https://www.youtube.com/watch?v=odM92ap8_c0\",\n                    \"poster_url\": \"https://encrypted-tbn0.gstatic.com/images?q=tbn:ANd9GcSpMwciKW5gytHux-4a4B7e50sQCyvnix9C57mAGnY0DNX4-uGQ\",\n                    \"movie_type\": \"now_showing\"\n                },\n                {\n                    \"movie_id\": 4,\n                    \"role_type\": \"producer\",\n                    \"title\": \"FACEBOOK\",\n                    \"summary\": \"Fearsome bitches.\",\n                    \"year\": 2020,\n                    \"rating\": \"0.9\",\n                    \"trailer_url\": \"https://www.youtube.com/watch?v=odM92ap8_c0\",\n                    \"poster_url\": \"https://encrypted-tbn0.gstatic.com/images?q=tbn:ANd9GcSpMwciKW5gytHux-4a4B7e50sQCyvnix9C57mAGnY0DNX4-uGQ\",\n                    \"movie_type\": \"coming_soon\"\n                },\n                {\n                    \"movie_id\": 7,\n                    \"role_type\": \"producer\",\n                    \"title\": \"APPLE\",\n                    \"summary\": \"Fearsome bitches.\",\n                    \"year\": 2020,\n                    \"rating\": \"0.9\",\n                    \"trailer_url\": \"https://www.youtube.com/watch?v=odM92ap8_c0\",\n                    \"poster_url\": \"https://encrypted-tbn0.gstatic.com/images?q=tbn:ANd9GcSpMwciKW5gytHux-4a4B7e50sQCyvnix9C57mAGnY0DNX4-uGQ\",\n                    \"movie_type\": \"now_showing\"\n                },\n                {\n                    \"movie_id\": 12,\n                    \"role_type\": \"producer\",\n                    \"title\": \"LIONNESS\",\n                    \"summary\": \"Fearsome lionness.\",\n                    \"year\": 2021,\n                    \"rating\": \"0.9\",\n                    \"trailer_url\": \"https://www.youtube.com/watch?v=odM92ap8_c0\",\n                    \"poster_url\": \"https://encrypted-tbn0.gstatic.com/images?q=tbn:ANd9GcSpMwciKW5gytHux-4a4B7e50sQCyvnix9C57mAGnY0DNX4-uGQ\",\n                    \"movie_type\": \"coming_soon\"\n                }\n            ]\n        },\n        {\n            \"role_id\": 2,\n            \"full_name\": \"Mrs. Women\",\n            \"age\": 29,\n            \"picture_url\": \"https://www.biography.com/.image/t_share/MTE5NTU2MzE2Mzg0MTY3NDM1/quentin-tarantino-9502086-1-402.jpg\",\n            \"movies\": [\n                {\n                    \"movie_id\": 1,\n                    \"role_type\": \"cast\",\n                    \"title\": \"GOOGLE\",\n                    \"summary\": \"Fearsome bitches.\",\n                    \"year\": 2012,\n                    \"rating\": \"0.9\",\n                    \"trailer_url\": \"https://www.youtube.com/watch?v=odM92ap8_c0\",\n                    \"poster_url\": \"https://encrypted-tbn0.gstatic.com/images?q=tbn:ANd9GcSpMwciKW5gytHux-4a4B7e50sQCyvnix9C57mAGnY0DNX4-uGQ\",\n                    \"movie_type\": \"now_showing\"\n                },\n                {\n                    \"movie_id\": 4,\n                    \"role_type\": \"director\",\n                    \"title\": \"FACEBOOK\",\n                    \"summary\": \"Fearsome bitches.\",\n                    \"year\": 2020,\n                    \"rating\": \"0.9\",\n                    \"trailer_url\": \"https://www.youtube.com/watch?v=odM92ap8_c0\",\n                    \"poster_url\": \"https://encrypted-tbn0.gstatic.com/images?q=tbn:ANd9GcSpMwciKW5gytHux-4a4B7e50sQCyvnix9C57mAGnY0DNX4-uGQ\",\n                    \"movie_type\": \"coming_soon\"\n                },\n                {\n                    \"movie_id\": 7,\n                    \"role_type\": \"director\",\n                    \"title\": \"APPLE\",\n                    \"summary\": \"Fearsome bitches.\",\n                    \"year\": 2020,\n                    \"rating\": \"0.9\",\n                    \"trailer_url\": \"https://www.youtube.com/watch?v=odM92ap8_c0\",\n                    \"poster_url\": \"https://encrypted-tbn0.gstatic.com/images?q=tbn:ANd9GcSpMwciKW5gytHux-4a4B7e50sQCyvnix9C57mAGnY0DNX4-uGQ\",\n                    \"movie_type\": \"now_showing\"\n                },\n                {\n                    \"movie_id\": 12,\n                    \"role_type\": \"director\",\n                    \"title\": \"LIONNESS\",\n                    \"summary\": \"Fearsome lionness.\",\n                    \"year\": 2021,\n                    \"rating\": \"0.9\",\n                    \"trailer_url\": \"https://www.youtube.com/watch?v=odM92ap8_c0\",\n                    \"poster_url\": \"https://encrypted-tbn0.gstatic.com/images?q=tbn:ANd9GcSpMwciKW5gytHux-4a4B7e50sQCyvnix9C57mAGnY0DNX4-uGQ\",\n                    \"movie_type\": \"coming_soon\"\n                }\n            ]\n        },\n        {\n            \"role_id\": 3,\n            \"full_name\": \"Mr. Guy\",\n            \"age\": 36,\n            \"picture_url\": \"https://www.biography.com/.image/t_share/MTE5NTU2MzE2Mzg0MTY3NDM1/quentin-tarantino-9502086-1-402.jpg\",\n            \"movies\": [\n                {\n                    \"movie_id\": 1,\n                    \"role_type\": \"cast\",\n                    \"title\": \"GOOGLE\",\n                    \"summary\": \"Fearsome bitches.\",\n                    \"year\": 2012,\n                    \"rating\": \"0.9\",\n                    \"trailer_url\": \"https://www.youtube.com/watch?v=odM92ap8_c0\",\n                    \"poster_url\": \"https://encrypted-tbn0.gstatic.com/images?q=tbn:ANd9GcSpMwciKW5gytHux-4a4B7e50sQCyvnix9C57mAGnY0DNX4-uGQ\",\n                    \"movie_type\": \"now_showing\"\n                },\n                {\n                    \"movie_id\": 4,\n                    \"role_type\": \"cast\",\n                    \"title\": \"FACEBOOK\",\n                    \"summary\": \"Fearsome bitches.\",\n                    \"year\": 2020,\n                    \"rating\": \"0.9\",\n                    \"trailer_url\": \"https://www.youtube.com/watch?v=odM92ap8_c0\",\n                    \"poster_url\": \"https://encrypted-tbn0.gstatic.com/images?q=tbn:ANd9GcSpMwciKW5gytHux-4a4B7e50sQCyvnix9C57mAGnY0DNX4-uGQ\",\n                    \"movie_type\": \"coming_soon\"\n                },\n                {\n                    \"movie_id\": 7,\n                    \"role_type\": \"cast\",\n                    \"title\": \"APPLE\",\n                    \"summary\": \"Fearsome bitches.\",\n                    \"year\": 2020,\n                    \"rating\": \"0.9\",\n                    \"trailer_url\": \"https://www.youtube.com/watch?v=odM92ap8_c0\",\n                    \"poster_url\": \"https://encrypted-tbn0.gstatic.com/images?q=tbn:ANd9GcSpMwciKW5gytHux-4a4B7e50sQCyvnix9C57mAGnY0DNX4-uGQ\",\n                    \"movie_type\": \"now_showing\"\n                },\n                {\n                    \"movie_id\": 12,\n                    \"role_type\": \"cast\",\n                    \"title\": \"LIONNESS\",\n                    \"summary\": \"Fearsome lionness.\",\n                    \"year\": 2021,\n                    \"rating\": \"0.9\",\n                    \"trailer_url\": \"https://www.youtube.com/watch?v=odM92ap8_c0\",\n                    \"poster_url\": \"https://encrypted-tbn0.gstatic.com/images?q=tbn:ANd9GcSpMwciKW5gytHux-4a4B7e50sQCyvnix9C57mAGnY0DNX4-uGQ\",\n                    \"movie_type\": \"coming_soon\"\n                }\n            ]\n        }\n    ]\n}"}]},{"name":"Get Role By Id","id":"af38dc3b-a246-4249-bb68-6d425517b7c9","protocolProfileBehavior":{"disableBodyPruning":true},"request":{"method":"GET","header":[],"url":{"raw":"{{base_url}}/roles/id/2","host":["{{base_url}}"],"path":["roles","id","2"]}},"response":[{"id":"ffa0506b-a7ea-46a8-9b50-37c7a26ac74e","name":"Mock Get Role By Id","originalRequest":{"method":"GET","header":[],"url":{"raw":"{{base_url}}/roles/id/2","host":["{{base_url}}"],"path":["roles","id","2"]}},"status":"OK","code":200,"_postman_previewlanguage":"json","header":[{"key":"X-Powered-By","value":"Express"},{"key":"Access-Control-Allow-Origin","value":"*"},{"key":"Content-Type","value":"application/json; charset=utf-8"},{"key":"Content-Length","value":"1506"},{"key":"ETag","value":"W/\"5e2-4iQZVOrtO3O55IbuCSgmPnI4jsE\""},{"key":"Date","value":"Thu, 11 Mar 2021 13:00:19 GMT"},{"key":"Connection","value":"keep-alive"}],"cookie":[],"responseTime":null,"body":"{\n    \"headers\": {\n        \"success\": 1,\n        \"message\": \"Success\"\n    },\n    \"body\": {\n        \"role_id\": 2,\n        \"full_name\": \"Mrs. Women\",\n        \"age\": 29,\n        \"picture_url\": \"https://www.biography.com/.image/t_share/MTE5NTU2MzE2Mzg0MTY3NDM1/quentin-tarantino-9502086-1-402.jpg\",\n        \"movies\": [\n            {\n                \"movie_id\": 1,\n                \"role_type\": \"cast\",\n                \"title\": \"GOOGLE\",\n                \"summary\": \"Fearsome bitches.\",\n                \"year\": 2012,\n                \"rating\": \"0.9\",\n                \"trailer_url\": \"https://www.youtube.com/watch?v=odM92ap8_c0\",\n                \"poster_url\": \"https://encrypted-tbn0.gstatic.com/images?q=tbn:ANd9GcSpMwciKW5gytHux-4a4B7e50sQCyvnix9C57mAGnY0DNX4-uGQ\",\n                \"movie_type\": \"now_showing\"\n            },\n            {\n                \"movie_id\": 4,\n                \"role_type\": \"director\",\n                \"title\": \"FACEBOOK\",\n                \"summary\": \"Fearsome bitches.\",\n                \"year\": 2020,\n                \"rating\": \"0.9\",\n                \"trailer_url\": \"https://www.youtube.com/watch?v=odM92ap8_c0\",\n                \"poster_url\": \"https://encrypted-tbn0.gstatic.com/images?q=tbn:ANd9GcSpMwciKW5gytHux-4a4B7e50sQCyvnix9C57mAGnY0DNX4-uGQ\",\n                \"movie_type\": \"coming_soon\"\n            },\n            {\n                \"movie_id\": 7,\n                \"role_type\": \"director\",\n                \"title\": \"APPLE\",\n                \"summary\": \"Fearsome bitches.\",\n                \"year\": 2020,\n                \"rating\": \"0.9\",\n                \"trailer_url\": \"https://www.youtube.com/watch?v=odM92ap8_c0\",\n                \"poster_url\": \"https://encrypted-tbn0.gstatic.com/images?q=tbn:ANd9GcSpMwciKW5gytHux-4a4B7e50sQCyvnix9C57mAGnY0DNX4-uGQ\",\n                \"movie_type\": \"now_showing\"\n            },\n            {\n                \"movie_id\": 12,\n                \"role_type\": \"director\",\n                \"title\": \"LIONNESS\",\n                \"summary\": \"Fearsome lionness.\",\n                \"year\": 2021,\n                \"rating\": \"0.9\",\n                \"trailer_url\": \"https://www.youtube.com/watch?v=odM92ap8_c0\",\n                \"poster_url\": \"https://encrypted-tbn0.gstatic.com/images?q=tbn:ANd9GcSpMwciKW5gytHux-4a4B7e50sQCyvnix9C57mAGnY0DNX4-uGQ\",\n                \"movie_type\": \"coming_soon\"\n            }\n        ]\n    }\n}"}]},{"name":"Add A Role","id":"1f54f930-7f39-4b0b-99ea-77c3772a4ca6","protocolProfileBehavior":{"disableBodyPruning":true},"request":{"method":"POST","header":[],"body":{"mode":"raw","raw":"{\r\n    \"full_name\": \"Mr. Guy\",\r\n    \"age\":36,\r\n    \"picture_url\":\"https://www.biography.com/.image/t_share/MTE5NTU2MzE2Mzg0MTY3NDM1/quentin-tarantino-9502086-1-402.jpg\"\r\n}","options":{"raw":{"language":"json"}}},"url":{"raw":"{{base_url}}/roles","host":["{{base_url}}"],"path":["roles"]}},"response":[]},{"name":"Get All Movies For A Role","id":"d1b45c01-cfde-46c5-acc1-ec3b6a562ecd","protocolProfileBehavior":{"disableBodyPruning":true},"request":{"method":"GET","header":[],"url":{"raw":"{{base_url}}/roles/id/2/movies","host":["{{base_url}}"],"path":["roles","id","2","movies"]}},"response":[{"id":"cfd45edb-d845-435d-8348-fc30d611a94d","name":"Mock Get All Movies For A Role","originalRequest":{"method":"GET","header":[],"url":{"raw":"{{base_url}}/roles/id/2/movies","host":["{{base_url}}"],"path":["roles","id","2","movies"]}},"status":"OK","code":200,"_postman_previewlanguage":"json","header":[{"key":"X-Powered-By","value":"Express"},{"key":"Access-Control-Allow-Origin","value":"*"},{"key":"Content-Type","value":"application/json; charset=utf-8"},{"key":"Content-Length","value":"1331"},{"key":"ETag","value":"W/\"533-P3CHx2/pUug2Y20bAxvgYx+iD00\""},{"key":"Date","value":"Thu, 11 Mar 2021 13:00:31 GMT"},{"key":"Connection","value":"keep-alive"}],"cookie":[],"responseTime":null,"body":"{\n    \"headers\": {\n        \"success\": 1,\n        \"message\": \"Success\"\n    },\n    \"body\": [\n        {\n            \"movie_id\": 1,\n            \"role_type\": \"cast\",\n            \"title\": \"GOOGLE\",\n            \"summary\": \"Fearsome bitches.\",\n            \"year\": 2012,\n            \"rating\": \"0.9\",\n            \"trailer_url\": \"https://www.youtube.com/watch?v=odM92ap8_c0\",\n            \"poster_url\": \"https://encrypted-tbn0.gstatic.com/images?q=tbn:ANd9GcSpMwciKW5gytHux-4a4B7e50sQCyvnix9C57mAGnY0DNX4-uGQ\",\n            \"movie_type\": \"now_showing\"\n        },\n        {\n            \"movie_id\": 4,\n            \"role_type\": \"director\",\n            \"title\": \"FACEBOOK\",\n            \"summary\": \"Fearsome bitches.\",\n            \"year\": 2020,\n            \"rating\": \"0.9\",\n            \"trailer_url\": \"https://www.youtube.com/watch?v=odM92ap8_c0\",\n            \"poster_url\": \"https://encrypted-tbn0.gstatic.com/images?q=tbn:ANd9GcSpMwciKW5gytHux-4a4B7e50sQCyvnix9C57mAGnY0DNX4-uGQ\",\n            \"movie_type\": \"coming_soon\"\n        },\n        {\n            \"movie_id\": 7,\n            \"role_type\": \"director\",\n            \"title\": \"APPLE\",\n            \"summary\": \"Fearsome bitches.\",\n            \"year\": 2020,\n            \"rating\": \"0.9\",\n            \"trailer_url\": \"https://www.youtube.com/watch?v=odM92ap8_c0\",\n            \"poster_url\": \"https://encrypted-tbn0.gstatic.com/images?q=tbn:ANd9GcSpMwciKW5gytHux-4a4B7e50sQCyvnix9C57mAGnY0DNX4-uGQ\",\n            \"movie_type\": \"now_showing\"\n        },\n        {\n            \"movie_id\": 12,\n            \"role_type\": \"director\",\n            \"title\": \"LIONNESS\",\n            \"summary\": \"Fearsome lionness.\",\n            \"year\": 2021,\n            \"rating\": \"0.9\",\n            \"trailer_url\": \"https://www.youtube.com/watch?v=odM92ap8_c0\",\n            \"poster_url\": \"https://encrypted-tbn0.gstatic.com/images?q=tbn:ANd9GcSpMwciKW5gytHux-4a4B7e50sQCyvnix9C57mAGnY0DNX4-uGQ\",\n            \"movie_type\": \"coming_soon\"\n        }\n    ]\n}"}]}],"auth":{"type":"bearer","bearer":[{"key":"token","value":"eyJhbGciOiJIUzI1NiIsInR5cCI6IkpXVCJ9.eyJ1c2VyX2lkIjoiMSIsImlhdCI6MTYxNTQ2Mzk2MCwiZXhwIjoxNjE1NTUwMzYwfQ.JcZyZpeqnRK5N6DOMOTteOf0tTLLEShKCWaCwi_NR3Q","type":"string"}]},"event":[{"listen":"prerequest","script":{"id":"a49f2011-5a83-49a0-bd77-2e4a789db106","type":"text/javascript","exec":[""]}},{"listen":"test","script":{"id":"195b3663-d9e3-4e6b-9097-0b2cc57f13f8","type":"text/javascript","exec":[""]}}]}