{"info":{"_postman_id":"5b840032-2d10-4a8a-98ef-b66874bfd613","name":"users","schema":"https://schema.getpostman.com/json/collection/v2.1.0/collection.json"},"item":[{"name":"Get All Users","id":"a9930b8d-07a6-41d8-bc76-17beae357df2","protocolProfileBehavior":{"disableBodyPruning":true},"request":{"method":"GET","header":[],"url":{"raw":"{{base_url}}/users/","host":["{{base_url}}"],"path":["users",""]}},"response":[{"id":"119c8fff-4d0e-4f59-b9d0-cfb2f3d912e9","name":"Mock Get All Users","originalRequest":{"method":"GET","header":[],"url":{"raw":"{{base_url}}/users/","host":["{{base_url}}"],"path":["users",""]}},"status":"OK","code":200,"_postman_previewlanguage":"json","header":[{"key":"X-Powered-By","value":"Express"},{"key":"Access-Control-Allow-Origin","value":"*"},{"key":"Content-Type","value":"application/json; charset=utf-8"},{"key":"Content-Length","value":"709"},{"key":"ETag","value":"W/\"2c5-pnmYvkExwPjPbechNzesmWtkBX8\""},{"key":"Date","value":"Thu, 11 Mar 2021 13:02:45 GMT"},{"key":"Connection","value":"keep-alive"}],"cookie":[],"responseTime":null,"body":"{\n    \"headers\": {\n        \"success\": 1,\n        \"message\": \"Success\"\n    },\n    \"body\": [\n        {\n            \"user_id\": 1,\n            \"full_name\": \"Test Admin\",\n            \"email\": \"admin@gmail.com\",\n            \"address\": \"Karachi\",\n            \"contact\": \"+923009999999\",\n            \"role\": \"admin\"\n        },\n        {\n            \"user_id\": 2,\n            \"full_name\": \"Test User\",\n            \"email\": \"user@gmail.com\",\n            \"address\": \"Karachi\",\n            \"contact\": \"+923009999999\",\n            \"role\": \"api_user\"\n        },\n        {\n            \"user_id\": 10,\n            \"full_name\": \"Email Test User\",\n            \"email\": \"arafaysaleem@gmail.com\",\n            \"address\": \"Karachi\",\n            \"contact\": \"+923009999999\",\n            \"role\": \"api_user\"\n        },\n        {\n            \"user_id\": 11,\n            \"full_name\": \"Test User\",\n            \"email\": \"user2@gmail.com\",\n            \"address\": \"Karachi\",\n            \"contact\": \"+923009999999\",\n            \"role\": \"api_user\"\n        },\n        {\n            \"user_id\": 14,\n            \"full_name\": \"Test User 3\",\n            \"email\": \"user3@gmail.com\",\n            \"address\": \"Karachi\",\n            \"contact\": \"+923009999999\",\n            \"role\": \"api_user\"\n        }\n    ]\n}"}]},{"name":"Get User By Id","id":"ae34d1f4-8ac9-4691-93d9-1803ae5b405f","protocolProfileBehavior":{"disableBodyPruning":true},"request":{"method":"GET","header":[],"url":{"raw":"{{base_url}}/users/id/44","host":["{{base_url}}"],"path":["users","id","44"]}},"response":[{"id":"4ec17eaf-a96d-4e20-bfa3-e065b88a74de","name":"Mock Get User By Id","originalRequest":{"method":"GET","header":[],"url":{"raw":"{{base_url}}/users/id/44","host":["{{base_url}}"],"path":["users","id","44"]}},"status":"Not Found","code":404,"_postman_previewlanguage":"json","header":[{"key":"X-Powered-By","value":"Express"},{"key":"Access-Control-Allow-Origin","value":"*"},{"key":"Content-Type","value":"application/json; charset=utf-8"},{"key":"Content-Length","value":"117"},{"key":"ETag","value":"W/\"75-I/iA+0576xdsF5DONz/F3+uWPu8\""},{"key":"Date","value":"Thu, 11 Mar 2021 13:02:56 GMT"},{"key":"Connection","value":"keep-alive"}],"cookie":[],"responseTime":null,"body":"{\n    \"headers\": {\n        \"success\": \"0\",\n        \"error\": \"NotFoundException\",\n        \"code\": 1,\n        \"message\": \"Database Error: User not found\"\n    },\n    \"body\": {}\n}"}]},{"name":"Update A User","id":"707e4d4a-fa23-4afb-852f-49904407985f","protocolProfileBehavior":{"disableBodyPruning":true},"request":{"auth":{"type":"bearer","bearer":[{"key":"token","value":"eyJhbGciOiJIUzI1NiIsInR5cCI6IkpXVCJ9.eyJ1c2VyX2lkIjoiMiIsImlhdCI6MTYxMzU4MjE0NiwiZXhwIjoxNjEzNjY4NTQ2fQ.6PXQT7GBqWOl8AxDx9Jqk-koy5BEnBoaU3W-ONz82MY","type":"string"}]},"method":"PATCH","header":[],"body":{"mode":"raw","raw":"{\r\n    \"role\":\"admin\"\r\n}","options":{"raw":{"language":"json"}}},"url":{"raw":"{{base_url}}/users/id/2","host":["{{base_url}}"],"path":["users","id","2"]}},"response":[]}],"auth":{"type":"bearer","bearer":[{"key":"token","value":"eyJhbGciOiJIUzI1NiIsInR5cCI6IkpXVCJ9.eyJ1c2VyX2lkIjoiMSIsImlhdCI6MTYxNTQ2Mzk2MCwiZXhwIjoxNjE1NTUwMzYwfQ.JcZyZpeqnRK5N6DOMOTteOf0tTLLEShKCWaCwi_NR3Q","type":"string"}]},"event":[{"listen":"prerequest","script":{"id":"b55a04b3-e19c-4bea-bc33-853b13fdc04a","type":"text/javascript","exec":[""]}},{"listen":"test","script":{"id":"15f2cfc3-56c9-4466-8e10-0fa7afc4d135","type":"text/javascript","exec":[""]}}]}