{"info":{"_postman_id":"86fd4e47-d1fd-4f96-89c7-94f11616d058","name":"theaters","schema":"https://schema.getpostman.com/json/collection/v2.1.0/collection.json"},"item":[{"name":"Get All Theaters","id":"a06a38e1-763e-4609-b55d-384de0448fa0","protocolProfileBehavior":{"disableBodyPruning":true},"request":{"method":"GET","header":[],"url":{"raw":"{{base_url}}/theaters","host":["{{base_url}}"],"path":["theaters"]}},"response":[{"id":"e704a562-a131-414a-b36f-391fb978a9b7","name":"Mock Get All Theaters","originalRequest":{"method":"GET","header":[],"url":{"raw":"{{base_url}}/theaters","host":["{{base_url}}"],"path":["theaters"]}},"status":"OK","code":200,"_postman_previewlanguage":"json","header":[{"key":"X-Powered-By","value":"Express"},{"key":"Access-Control-Allow-Origin","value":"*"},{"key":"Content-Type","value":"application/json; charset=utf-8"},{"key":"Content-Length","value":"886"},{"key":"ETag","value":"W/\"376-stFg/joSIWyyegomY+cuD5Nr1Wk\""},{"key":"Date","value":"Thu, 11 Mar 2021 13:02:09 GMT"},{"key":"Connection","value":"keep-alive"}],"cookie":[],"responseTime":null,"body":"{\n    \"headers\": {\n        \"success\": 1,\n        \"message\": \"Success\"\n    },\n    \"body\": [\n        {\n            \"theater_id\": 15,\n            \"theater_name\": \"C\",\n            \"num_of_rows\": 10,\n            \"seats_per_row\": 20,\n            \"theater_type\": \"normal\",\n            \"missing\": [\n                {\n                    \"seat_row\": \"A\",\n                    \"seat_number\": 11\n                },\n                {\n                    \"seat_row\": \"B\",\n                    \"seat_number\": 0\n                }\n            ],\n            \"blocked\": [\n                {\n                    \"seat_row\": \"C\",\n                    \"seat_number\": 23\n                },\n                {\n                    \"seat_row\": \"C\",\n                    \"seat_number\": 22\n                },\n                {\n                    \"seat_row\": \"D\",\n                    \"seat_number\": 23\n                },\n                {\n                    \"seat_row\": \"D\",\n                    \"seat_number\": 22\n                }\n            ]\n        },\n        {\n            \"theater_id\": 16,\n            \"theater_name\": \"D\",\n            \"num_of_rows\": 5,\n            \"seats_per_row\": 5,\n            \"theater_type\": \"royal\",\n            \"missing\": [\n                {\n                    \"seat_row\": \"A\",\n                    \"seat_number\": 11\n                },\n                {\n                    \"seat_row\": \"B\",\n                    \"seat_number\": 11\n                },\n                {\n                    \"seat_row\": \"C\",\n                    \"seat_number\": 11\n                },\n                {\n                    \"seat_row\": \"D\",\n                    \"seat_number\": 11\n                }\n            ],\n            \"blocked\": []\n        },\n        {\n            \"theater_id\": 22,\n            \"theater_name\": \"E\",\n            \"num_of_rows\": 10,\n            \"seats_per_row\": 2,\n            \"theater_type\": \"normal\",\n            \"missing\": [],\n            \"blocked\": [\n                {\n                    \"seat_row\": \"A\",\n                    \"seat_number\": 1\n                },\n                {\n                    \"seat_row\": \"B\",\n                    \"seat_number\": 2\n                },\n                {\n                    \"seat_row\": \"C\",\n                    \"seat_number\": 1\n                },\n                {\n                    \"seat_row\": \"D\",\n                    \"seat_number\": 2\n                }\n            ]\n        }\n    ]\n}"}]},{"name":"Get Theater By Id","id":"b6c6d20c-145c-4f18-9f87-648c9d9423ae","protocolProfileBehavior":{"disableBodyPruning":true},"request":{"method":"GET","header":[],"url":{"raw":"{{base_url}}/theaters/id/16","host":["{{base_url}}"],"path":["theaters","id","16"]}},"response":[{"id":"62a0e65a-a239-4aa0-84eb-f97a364ab46f","name":"Mock Get Theater By Id","originalRequest":{"method":"GET","header":[],"url":{"raw":"{{base_url}}/theaters/id/16","host":["{{base_url}}"],"path":["theaters","id","16"]}},"status":"OK","code":200,"_postman_previewlanguage":"json","header":[{"key":"X-Powered-By","value":"Express"},{"key":"Access-Control-Allow-Origin","value":"*"},{"key":"Content-Type","value":"application/json; charset=utf-8"},{"key":"Content-Length","value":"307"},{"key":"ETag","value":"W/\"133-tcsGEu8jwj1/8MVQnYHdHEUa0lQ\""},{"key":"Date","value":"Thu, 11 Mar 2021 13:02:26 GMT"},{"key":"Connection","value":"keep-alive"}],"cookie":[],"responseTime":null,"body":"{\n    \"headers\": {\n        \"success\": 1,\n        \"message\": \"Success\"\n    },\n    \"body\": {\n        \"theater_id\": 16,\n        \"theater_name\": \"D\",\n        \"num_of_rows\": 5,\n        \"seats_per_row\": 5,\n        \"theater_type\": \"royal\",\n        \"missing\": [\n            {\n                \"seat_row\": \"A\",\n                \"seat_number\": 11\n            },\n            {\n                \"seat_row\": \"B\",\n                \"seat_number\": 11\n            },\n            {\n                \"seat_row\": \"C\",\n                \"seat_number\": 11\n            },\n            {\n                \"seat_row\": \"D\",\n                \"seat_number\": 11\n            }\n        ],\n        \"blocked\": []\n    }\n}"}]},{"name":"Add a theater","id":"1b8fa541-1312-4151-9682-41489b7ea328","protocolProfileBehavior":{"disableBodyPruning":true},"request":{"method":"POST","header":[],"body":{"mode":"raw","raw":"{\r\n    \"theater_name\":\"E\",\r\n    \"seats_per_row\":2,\r\n    \"num_of_rows\":10,\r\n    \"theater_type\":\"normal\",\r\n    \"blocked\":[\"A-1\",\"B-2\",\"C-1\",\"D-2\"]\r\n}","options":{"raw":{"language":"json"}}},"url":{"raw":"{{base_url}}/theaters","host":["{{base_url}}"],"path":["theaters"]}},"response":[]},{"name":"Update a theater","id":"ab8a5f88-2c6b-4953-8af7-e970d93d8dcd","protocolProfileBehavior":{"disableBodyPruning":true},"request":{"method":"PATCH","header":[],"body":{"mode":"raw","raw":"{\r\n    \"theater_type\":\"royal\"\r\n}","options":{"raw":{"language":"json"}}},"url":{"raw":"{{base_url}}/theaters/id/16","host":["{{base_url}}"],"path":["theaters","id","16"]}},"response":[]}],"auth":{"type":"bearer","bearer":[{"key":"token","value":"eyJhbGciOiJIUzI1NiIsInR5cCI6IkpXVCJ9.eyJ1c2VyX2lkIjoiMSIsImlhdCI6MTYxNTQ2Mzk2MCwiZXhwIjoxNjE1NTUwMzYwfQ.JcZyZpeqnRK5N6DOMOTteOf0tTLLEShKCWaCwi_NR3Q","type":"string"}]},"event":[{"listen":"prerequest","script":{"id":"e8765159-2b35-468f-b04d-4a31558e3b4d","type":"text/javascript","exec":[""]}},{"listen":"test","script":{"id":"f8858231-6e34-4860-8970-c73acab535ef","type":"text/javascript","exec":[""]}}]}