{"info":{"_postman_id":"8df1e773-b425-481b-b565-2c3d5a1e0a3b","name":"auth","schema":"https://schema.getpostman.com/json/collection/v2.1.0/collection.json"},"item":[{"name":"Register User","id":"4768f8ba-276c-4687-80b2-b83415ddfcbf","protocolProfileBehavior":{"disableBodyPruning":true},"request":{"method":"POST","header":[],"body":{"mode":"raw","raw":"{\r\n    \"full_name\": \"Test User 3\",\r\n    \"email\": \"user3@gmail.com\",\r\n    \"password\": \"123\",\r\n    \"role\": \"api_user\",\r\n    \"contact\": \"+923009999999\",\r\n    \"address\": \"Karachi\"\r\n}","options":{"raw":{"language":"json"}}},"url":{"raw":"{{base_url}}/auth/register","host":["{{base_url}}"],"path":["auth","register"]}},"response":[{"id":"424cd513-5384-470a-ba76-80822fbb93f4","name":"Mock Register User","originalRequest":{"method":"POST","header":[],"body":{"mode":"raw","raw":"{\r\n    \"full_name\": \"Test User 3\",\r\n    \"email\": \"user3@gmail.com\",\r\n    \"password\": \"123\",\r\n    \"role\": \"api_user\",\r\n    \"contact\": \"+923009999999\",\r\n    \"address\": \"Karachi\"\r\n}","options":{"raw":{"language":"json"}}},"url":{"raw":"{{base_url}}/auth/register","host":["{{base_url}}"],"path":["auth","register"]}},"status":"OK","code":200,"_postman_previewlanguage":"json","header":[{"key":"X-Powered-By","value":"Express"},{"key":"Access-Control-Allow-Origin","value":"*"},{"key":"Content-Type","value":"application/json; charset=utf-8"},{"key":"Content-Length","value":"229"},{"key":"ETag","value":"W/\"e5-Eip9yCaBYvnqaM1zThW+Pu/417M\""},{"key":"Date","value":"Thu, 11 Mar 2021 12:01:37 GMT"},{"key":"Connection","value":"keep-alive"}],"cookie":[],"responseTime":null,"body":"{\n    \"headers\": {\n        \"success\": 1,\n        \"message\": \"Registered\"\n    },\n    \"body\": {\n        \"user_id\": 14,\n        \"token\": \"eyJhbGciOiJIUzI1NiIsInR5cCI6IkpXVCJ9.eyJ1c2VyX2lkIjoiMTQiLCJpYXQiOjE2MTU0NjQwOTcsImV4cCI6MTYxNTU1MDQ5N30.6JCea0qwXwoZ1eemtZCzzVsS2xML0E_EkzdLORGde1s\"\n    }\n}"}]},{"name":"Login User","id":"d4cb219f-afef-4962-9c5d-66d3974a684c","protocolProfileBehavior":{"disableBodyPruning":true},"request":{"method":"POST","header":[],"body":{"mode":"raw","raw":"{\r\n    \"email\":\"admin@gmail.com\",\r\n    \"password\": \"123\"\r\n}","options":{"raw":{"language":"json"}}},"url":{"raw":"{{base_url}}/auth/login","host":["{{base_url}}"],"path":["auth","login"]}},"response":[{"id":"20d01e53-93b3-43d5-acd9-3b491a8a8742","name":"Mock Login User","originalRequest":{"method":"POST","header":[],"body":{"mode":"raw","raw":"{\r\n    \"email\":\"admin@gmail.com\",\r\n    \"password\": \"123\"\r\n}","options":{"raw":{"language":"json"}}},"url":{"raw":"{{base_url}}/auth/login","host":["{{base_url}}"],"path":["auth","login"]}},"status":"OK","code":200,"_postman_previewlanguage":"json","header":[{"key":"X-Powered-By","value":"Express"},{"key":"Access-Control-Allow-Origin","value":"*"},{"key":"Content-Type","value":"application/json; charset=utf-8"},{"key":"Content-Length","value":"342"},{"key":"ETag","value":"W/\"156-oYiWkirIHS0o2fONkonSKrEm678\""},{"key":"Date","value":"Thu, 11 Mar 2021 11:59:21 GMT"},{"key":"Connection","value":"keep-alive"}],"cookie":[],"responseTime":null,"body":"{\n    \"headers\": {\n        \"success\": 1,\n        \"message\": \"Authenticated\"\n    },\n    \"body\": {\n        \"user_id\": 1,\n        \"full_name\": \"Test Admin\",\n        \"email\": \"admin@gmail.com\",\n        \"address\": \"Karachi\",\n        \"contact\": \"+923009999999\",\n        \"role\": \"admin\",\n        \"token\": \"eyJhbGciOiJIUzI1NiIsInR5cCI6IkpXVCJ9.eyJ1c2VyX2lkIjoiMSIsImlhdCI6MTYxNTQ2Mzk2MCwiZXhwIjoxNjE1NTUwMzYwfQ.JcZyZpeqnRK5N6DOMOTteOf0tTLLEShKCWaCwi_NR3Q\"\n    }\n}"}]},{"name":"Forgot Password","id":"e8caa921-4328-4283-9512-52f6d53ccc81","protocolProfileBehavior":{"disableBodyPruning":true},"request":{"method":"POST","header":[],"body":{"mode":"raw","raw":"{\r\n    \"email\":\"a.rafaysaleem@gmail.com\"\r\n}","options":{"raw":{"language":"json"}}},"url":{"raw":"{{base_url}}/auth/password/forgot","host":["{{base_url}}"],"path":["auth","password","forgot"]}},"response":[{"id":"ec1d32d6-04f3-49b7-a514-6aa5644419c2","name":"Mock Forgot Password","originalRequest":{"method":"POST","header":[],"body":{"mode":"raw","raw":"{\r\n    \"email\":\"a.rafaysaleem@gmail.com\"\r\n}","options":{"raw":{"language":"json"}}},"url":{"raw":"{{base_url}}/auth/password/forgot","host":["{{base_url}}"],"path":["auth","password","forgot"]}},"status":"OK","code":200,"_postman_previewlanguage":"json","header":[{"key":"X-Powered-By","value":"Express"},{"key":"Access-Control-Allow-Origin","value":"*"},{"key":"Content-Type","value":"application/json; charset=utf-8"},{"key":"Content-Length","value":"80"},{"key":"ETag","value":"W/\"50-MfAOH4V1epDN95f0nr6fGtDpkGE\""},{"key":"Date","value":"Thu, 11 Mar 2021 12:02:41 GMT"},{"key":"Connection","value":"keep-alive"}],"cookie":[],"responseTime":null,"body":"{\n    \"headers\": {\n        \"success\": 1,\n        \"message\": \"OTP generated and sent via email\"\n    },\n    \"body\": {}\n}"}]},{"name":"Verify OTP","id":"d0b11f0d-456f-4fb9-8624-07a45f118e4c","protocolProfileBehavior":{"disableBodyPruning":true},"request":{"method":"POST","header":[],"body":{"mode":"raw","raw":"{\r\n    \"email\":\"a.rafaysaleem@gmail.com\",\r\n    \"OTP\": \"4151\"\r\n}","options":{"raw":{"language":"json"}}},"url":{"raw":"{{base_url}}/auth/password/otp","host":["{{base_url}}"],"path":["auth","password","otp"]}},"response":[{"id":"d05d2d28-199a-4c73-89a8-36bf9b9312ac","name":"Mock Verify OTP","originalRequest":{"method":"POST","header":[],"body":{"mode":"raw","raw":"{\r\n    \"email\":\"a.rafaysaleem@gmail.com\",\r\n    \"OTP\": \"4151\"\r\n}","options":{"raw":{"language":"json"}}},"url":{"raw":"{{base_url}}/auth/password/otp","host":["{{base_url}}"],"path":["auth","password","otp"]}},"status":"OK","code":200,"_postman_previewlanguage":"json","header":[{"key":"X-Powered-By","value":"Express"},{"key":"Access-Control-Allow-Origin","value":"*"},{"key":"Content-Type","value":"application/json; charset=utf-8"},{"key":"Content-Length","value":"72"},{"key":"ETag","value":"W/\"48-j+kxUc3bfCWSLvYzoH2z16ZcT8U\""},{"key":"Date","value":"Thu, 11 Mar 2021 12:04:53 GMT"},{"key":"Connection","value":"keep-alive"}],"cookie":[],"responseTime":null,"body":"{\n    \"headers\": {\n        \"success\": 1,\n        \"message\": \"OTP verified succesfully\"\n    },\n    \"body\": {}\n}"}]},{"name":"Change Password","id":"d7fbed90-99ae-45fb-8da6-a0a9d4e51f89","protocolProfileBehavior":{"disableBodyPruning":true},"request":{"method":"POST","header":[],"body":{"mode":"raw","raw":"{\r\n    \"email\":\"user3@gmail.com\",\r\n    \"password\": \"256\",\r\n    \"new_password\":\"123\"\r\n}","options":{"raw":{"language":"json"}}},"url":{"raw":"{{base_url}}/auth/password/change","host":["{{base_url}}"],"path":["auth","password","change"]}},"response":[{"id":"b64eba05-7e01-4f4d-a166-088a969228f2","name":"Mock Change Password","originalRequest":{"method":"POST","header":[],"body":{"mode":"raw","raw":"{\r\n    \"email\":\"user3@gmail.com\",\r\n    \"password\": \"256\",\r\n    \"new_password\":\"123\"\r\n}","options":{"raw":{"language":"json"}}},"url":{"raw":"{{base_url}}/auth/password/change","host":["{{base_url}}"],"path":["auth","password","change"]}},"status":"OK","code":200,"_postman_previewlanguage":"json","header":[{"key":"X-Powered-By","value":"Express"},{"key":"Access-Control-Allow-Origin","value":"*"},{"key":"Content-Type","value":"application/json; charset=utf-8"},{"key":"Content-Length","value":"117"},{"key":"ETag","value":"W/\"75-0MmqaaL9Siz3Auh9VtIJyPuYRpw\""},{"key":"Date","value":"Thu, 11 Mar 2021 12:06:08 GMT"},{"key":"Connection","value":"keep-alive"}],"cookie":[],"responseTime":null,"body":"{\n    \"headers\": {\n        \"success\": 1,\n        \"message\": \"Password changed successfully\"\n    },\n    \"body\": \"Rows matched: 1  Changed: 1  Warnings: 0\"\n}"}]},{"name":"Reset Password","id":"e1acaac4-c088-49eb-88dc-5087adce87d5","protocolProfileBehavior":{"disableBodyPruning":true},"request":{"method":"POST","header":[],"body":{"mode":"raw","raw":"{\r\n    \"email\":\"a.rafaysaleem@gmail.com\",\r\n    \"password\": \"123\"\r\n}","options":{"raw":{"language":"json"}}},"url":{"raw":"{{base_url}}/auth/password/reset","host":["{{base_url}}"],"path":["auth","password","reset"]}},"response":[{"id":"2f2b8236-b568-4150-bc7f-407993136651","name":"Mock Reset Password","originalRequest":{"method":"POST","header":[],"body":{"mode":"raw","raw":"{\r\n    \"email\":\"a.rafaysaleem@gmail.com\",\r\n    \"password\": \"256\"\r\n}","options":{"raw":{"language":"json"}}},"url":{"raw":"{{base_url}}/auth/password/reset","host":["{{base_url}}"],"path":["auth","password","reset"]}},"status":"OK","code":200,"_postman_previewlanguage":"json","header":[{"key":"X-Powered-By","value":"Express"},{"key":"Access-Control-Allow-Origin","value":"*"},{"key":"Content-Type","value":"application/json; charset=utf-8"},{"key":"Content-Length","value":"117"},{"key":"ETag","value":"W/\"75-0MmqaaL9Siz3Auh9VtIJyPuYRpw\""},{"key":"Date","value":"Thu, 11 Mar 2021 12:07:02 GMT"},{"key":"Connection","value":"keep-alive"}],"cookie":[],"responseTime":null,"body":"{\n    \"headers\": {\n        \"success\": 1,\n        \"message\": \"Password changed successfully\"\n    },\n    \"body\": \"Rows matched: 1  Changed: 1  Warnings: 0\"\n}"}]}],"event":[{"listen":"prerequest","script":{"id":"dc403c4a-29fe-4fdb-acb2-6b1d8a11350d","type":"text/javascript","exec":[""]}},{"listen":"test","script":{"id":"a4382615-3df5-4c1a-b77c-fe40a29be9dc","type":"text/javascript","exec":[""]}}]}