{"info":{"_postman_id":"a1204154-a858-4c83-a5eb-d4bb6a457c0b","name":"movies","schema":"https://schema.getpostman.com/json/collection/v2.1.0/collection.json"},"item":[{"name":"Get All Movies","id":"4de7235b-4473-4d74-bf99-d82be3ab3bde","protocolProfileBehavior":{"disableBodyPruning":true},"request":{"method":"GET","header":[],"url":{"raw":"{{base_url}}/movies","host":["{{base_url}}"],"path":["movies"]}},"response":[{"id":"cdb1eda3-0d4b-463f-955e-fc23df7f0d0e","name":"Mock Get All Movies","originalRequest":{"method":"GET","header":[],"url":{"raw":"{{base_url}}/movies","host":["{{base_url}}"],"path":["movies"]}},"status":"OK","code":200,"_postman_previewlanguage":"json","header":[{"key":"X-Powered-By","value":"Express"},{"key":"Access-Control-Allow-Origin","value":"*"},{"key":"Content-Type","value":"application/json; charset=utf-8"},{"key":"Content-Length","value":"2646"},{"key":"ETag","value":"W/\"a56-Hh9IHk+YwDs1yrMetMhAyv6fXTo\""},{"key":"Date","value":"Thu, 11 Mar 2021 12:11:17 GMT"},{"key":"Connection","value":"keep-alive"}],"cookie":[],"responseTime":null,"body":"{\n    \"headers\": {\n        \"success\": 1,\n        \"message\": \"Success\"\n    },\n    \"body\": [\n        {\n            \"movie_id\": 1,\n            \"title\": \"GOOGLE\",\n            \"summary\": \"Fearsome bitches.\",\n            \"year\": 2012,\n            \"rating\": \"0.9\",\n            \"trailer_url\": \"https://www.youtube.com/watch?v=odM92ap8_c0\",\n            \"poster_url\": \"https://encrypted-tbn0.gstatic.com/images?q=tbn:ANd9GcSpMwciKW5gytHux-4a4B7e50sQCyvnix9C57mAGnY0DNX4-uGQ\",\n            \"movie_type\": \"now_showing\",\n            \"roles\": [\n                {\n                    \"role_id\": 1,\n                    \"full_name\": \"Mrs. Lady\",\n                    \"age\": 29,\n                    \"picture_url\": \"https://www.biography.com/.image/t_share/MTE5NTU2MzE2Mzg0MTY3NDM1/quentin-tarantino-9502086-1-402.jpg\",\n                    \"role_type\": \"director\"\n                },\n                {\n                    \"role_id\": 2,\n                    \"full_name\": \"Mrs. Women\",\n                    \"age\": 29,\n                    \"picture_url\": \"https://www.biography.com/.image/t_share/MTE5NTU2MzE2Mzg0MTY3NDM1/quentin-tarantino-9502086-1-402.jpg\",\n                    \"role_type\": \"cast\"\n                },\n                {\n                    \"role_id\": 3,\n                    \"full_name\": \"Mr. Guy\",\n                    \"age\": 36,\n                    \"picture_url\": \"https://www.biography.com/.image/t_share/MTE5NTU2MzE2Mzg0MTY3NDM1/quentin-tarantino-9502086-1-402.jpg\",\n                    \"role_type\": \"cast\"\n                }\n            ]\n        },\n        {\n            \"movie_id\": 4,\n            \"title\": \"FACEBOOK\",\n            \"summary\": \"Fearsome bitches.\",\n            \"year\": 2020,\n            \"rating\": \"0.9\",\n            \"trailer_url\": \"https://www.youtube.com/watch?v=odM92ap8_c0\",\n            \"poster_url\": \"https://encrypted-tbn0.gstatic.com/images?q=tbn:ANd9GcSpMwciKW5gytHux-4a4B7e50sQCyvnix9C57mAGnY0DNX4-uGQ\",\n            \"movie_type\": \"coming_soon\",\n            \"roles\": [\n                {\n                    \"role_id\": 1,\n                    \"full_name\": \"Mrs. Lady\",\n                    \"age\": 29,\n                    \"picture_url\": \"https://www.biography.com/.image/t_share/MTE5NTU2MzE2Mzg0MTY3NDM1/quentin-tarantino-9502086-1-402.jpg\",\n                    \"role_type\": \"producer\"\n                },\n                {\n                    \"role_id\": 2,\n                    \"full_name\": \"Mrs. Women\",\n                    \"age\": 29,\n                    \"picture_url\": \"https://www.biography.com/.image/t_share/MTE5NTU2MzE2Mzg0MTY3NDM1/quentin-tarantino-9502086-1-402.jpg\",\n                    \"role_type\": \"director\"\n                },\n                {\n                    \"role_id\": 3,\n                    \"full_name\": \"Mr. Guy\",\n                    \"age\": 36,\n                    \"picture_url\": \"https://www.biography.com/.image/t_share/MTE5NTU2MzE2Mzg0MTY3NDM1/quentin-tarantino-9502086-1-402.jpg\",\n                    \"role_type\": \"cast\"\n                }\n            ]\n        },\n        {\n            \"movie_id\": 7,\n            \"title\": \"APPLE\",\n            \"summary\": \"Fearsome bitches.\",\n            \"year\": 2020,\n            \"rating\": \"0.9\",\n            \"trailer_url\": \"https://www.youtube.com/watch?v=odM92ap8_c0\",\n            \"poster_url\": \"https://encrypted-tbn0.gstatic.com/images?q=tbn:ANd9GcSpMwciKW5gytHux-4a4B7e50sQCyvnix9C57mAGnY0DNX4-uGQ\",\n            \"movie_type\": \"now_showing\",\n            \"roles\": [\n                {\n                    \"role_id\": 1,\n                    \"full_name\": \"Mrs. Lady\",\n                    \"age\": 29,\n                    \"picture_url\": \"https://www.biography.com/.image/t_share/MTE5NTU2MzE2Mzg0MTY3NDM1/quentin-tarantino-9502086-1-402.jpg\",\n                    \"role_type\": \"producer\"\n                },\n                {\n                    \"role_id\": 2,\n                    \"full_name\": \"Mrs. Women\",\n                    \"age\": 29,\n                    \"picture_url\": \"https://www.biography.com/.image/t_share/MTE5NTU2MzE2Mzg0MTY3NDM1/quentin-tarantino-9502086-1-402.jpg\",\n                    \"role_type\": \"director\"\n                },\n                {\n                    \"role_id\": 3,\n                    \"full_name\": \"Mr. Guy\",\n                    \"age\": 36,\n                    \"picture_url\": \"https://www.biography.com/.image/t_share/MTE5NTU2MzE2Mzg0MTY3NDM1/quentin-tarantino-9502086-1-402.jpg\",\n                    \"role_type\": \"cast\"\n                }\n            ]\n        }\n    ]\n}"}]},{"name":"Add A Movie","id":"18d27551-3280-403b-87be-515b39f291a5","protocolProfileBehavior":{"disableBodyPruning":true},"request":{"method":"POST","header":[],"body":{"mode":"raw","raw":"{\r\n    \"title\": \"LIONNESS\",\r\n    \"year\": \"2021\",\r\n    \"summary\": \"Fearsome lionness.\",\r\n    \"trailer_url\": \"https://www.youtube.com/watch?v=odM92ap8_c0\",\r\n    \"poster_url\": \"https://encrypted-tbn0.gstatic.com/images?q=tbn:ANd9GcSpMwciKW5gytHux-4a4B7e50sQCyvnix9C57mAGnY0DNX4-uGQ\",\r\n    \"rating\":8.4,\r\n    \"roles\":[\r\n        {\"role_id\":\"2\",\"role_type\":\"director\"},\r\n        {\"role_id\":\"1\",\"role_type\":\"producer\"},\r\n        {\"role_id\":\"3\",\"role_type\":\"cast\"}\r\n    ],\r\n    \"movie_type\": \"coming_soon\"\r\n}","options":{"raw":{"language":"json"}}},"url":{"raw":"{{base_url}}/movies","host":["{{base_url}}"],"path":["movies"]}},"response":[{"id":"583d206b-e055-4bab-971e-a3b25a850255","name":"Mock Add A Movie","originalRequest":{"method":"POST","header":[],"body":{"mode":"raw","raw":"{\r\n    \"title\": \"LIONNESS\",\r\n    \"year\": \"2021\",\r\n    \"summary\": \"Fearsome lionness.\",\r\n    \"trailer_url\": \"https://www.youtube.com/watch?v=odM92ap8_c0\",\r\n    \"poster_url\": \"https://encrypted-tbn0.gstatic.com/images?q=tbn:ANd9GcSpMwciKW5gytHux-4a4B7e50sQCyvnix9C57mAGnY0DNX4-uGQ\",\r\n    \"rating\":8.4,\r\n    \"roles\":[\r\n        {\"role_id\":\"2\",\"role_type\":\"director\"},\r\n        {\"role_id\":\"1\",\"role_type\":\"producer\"},\r\n        {\"role_id\":\"3\",\"role_type\":\"cast\"}\r\n    ],\r\n    \"movie_type\": \"coming_soon\"\r\n}","options":{"raw":{"language":"json"}}},"url":{"raw":"{{base_url}}/movies","host":["{{base_url}}"],"path":["movies"]}},"status":"Created","code":201,"_postman_previewlanguage":"json","header":[{"key":"X-Powered-By","value":"Express"},{"key":"Access-Control-Allow-Origin","value":"*"},{"key":"Content-Type","value":"application/json; charset=utf-8"},{"key":"Content-Length","value":"97"},{"key":"ETag","value":"W/\"61-1MSeTBzPyMnm3XgoIFrj16U2J9I\""},{"key":"Date","value":"Thu, 11 Mar 2021 12:12:04 GMT"},{"key":"Connection","value":"keep-alive"}],"cookie":[],"responseTime":null,"body":"{\n    \"headers\": {\n        \"success\": 1,\n        \"message\": \"Movie was created!\"\n    },\n    \"body\": {\n        \"movie_id\": 12,\n        \"affected_rows\": 1\n    }\n}"}]},{"name":"Get Movie By Id","id":"00014897-7194-464c-8cb9-3bc444b23959","protocolProfileBehavior":{"disableBodyPruning":true},"request":{"method":"GET","header":[],"url":{"raw":"{{base_url}}/movies/id/1","host":["{{base_url}}"],"path":["movies","id","1"]}},"response":[{"id":"3cecf7a9-2b36-46fb-97af-521364cddc43","name":"Mock Get Movie By Id","originalRequest":{"method":"GET","header":[],"url":{"raw":"{{base_url}}/movies/id/1","host":["{{base_url}}"],"path":["movies","id","1"]}},"status":"OK","code":200,"_postman_previewlanguage":"json","header":[{"key":"X-Powered-By","value":"Express"},{"key":"Access-Control-Allow-Origin","value":"*"},{"key":"Content-Type","value":"application/json; charset=utf-8"},{"key":"Content-Length","value":"913"},{"key":"ETag","value":"W/\"391-M5Vlrs8rzDC6yUVCmNRS7hPX8A0\""},{"key":"Date","value":"Thu, 11 Mar 2021 12:12:18 GMT"},{"key":"Connection","value":"keep-alive"}],"cookie":[],"responseTime":null,"body":"{\n    \"headers\": {\n        \"success\": 1,\n        \"message\": \"Success\"\n    },\n    \"body\": {\n        \"movie_id\": 1,\n        \"title\": \"GOOGLE\",\n        \"summary\": \"Fearsome bitches.\",\n        \"year\": 2012,\n        \"rating\": \"0.9\",\n        \"trailer_url\": \"https://www.youtube.com/watch?v=odM92ap8_c0\",\n        \"poster_url\": \"https://encrypted-tbn0.gstatic.com/images?q=tbn:ANd9GcSpMwciKW5gytHux-4a4B7e50sQCyvnix9C57mAGnY0DNX4-uGQ\",\n        \"movie_type\": \"now_showing\",\n        \"roles\": [\n            {\n                \"role_id\": 1,\n                \"full_name\": \"Mrs. Lady\",\n                \"age\": 29,\n                \"picture_url\": \"https://www.biography.com/.image/t_share/MTE5NTU2MzE2Mzg0MTY3NDM1/quentin-tarantino-9502086-1-402.jpg\",\n                \"role_type\": \"director\"\n            },\n            {\n                \"role_id\": 2,\n                \"full_name\": \"Mrs. Women\",\n                \"age\": 29,\n                \"picture_url\": \"https://www.biography.com/.image/t_share/MTE5NTU2MzE2Mzg0MTY3NDM1/quentin-tarantino-9502086-1-402.jpg\",\n                \"role_type\": \"cast\"\n            },\n            {\n                \"role_id\": 3,\n                \"full_name\": \"Mr. Guy\",\n                \"age\": 36,\n                \"picture_url\": \"https://www.biography.com/.image/t_share/MTE5NTU2MzE2Mzg0MTY3NDM1/quentin-tarantino-9502086-1-402.jpg\",\n                \"role_type\": \"cast\"\n            }\n        ]\n    }\n}"}]},{"name":"Get Now Showing Movies","id":"4acf2bf5-2e11-43a1-bd44-af68a2c9fc24","protocolProfileBehavior":{"disableBodyPruning":true},"request":{"method":"GET","header":[],"url":{"raw":"{{base_url}}/movies/now_showing","host":["{{base_url}}"],"path":["movies","now_showing"]}},"response":[{"id":"8ba57e59-a14d-4530-a08f-ea537fd97266","name":"Mock Get Now Showing Movies","originalRequest":{"method":"GET","header":[],"url":{"raw":"{{base_url}}/movies/filters?movie_type=now_showing","host":["{{base_url}}"],"path":["movies","filters"],"query":[{"key":"movie_type","value":"now_showing"}]}},"status":"OK","code":200,"_postman_previewlanguage":"json","header":[{"key":"X-Powered-By","value":"Express"},{"key":"Access-Control-Allow-Origin","value":"*"},{"key":"Content-Type","value":"application/json; charset=utf-8"},{"key":"Content-Length","value":"2929"},{"key":"ETag","value":"W/\"b71-QSR1+14LiRPQN8qH1DH7X2Zl5rg\""},{"key":"Date","value":"Thu, 11 Mar 2021 12:21:39 GMT"},{"key":"Connection","value":"keep-alive"}],"cookie":[],"responseTime":null,"body":"{\n    \"headers\": {\n        \"success\": 1,\n        \"message\": \"Success\"\n    },\n    \"body\": [\n        {\n            \"role_id\": 1,\n            \"movie_id\": 1,\n            \"title\": \"GOOGLE\",\n            \"summary\": \"Fearsome bitches.\",\n            \"year\": 2012,\n            \"rating\": \"0.9\",\n            \"trailer_url\": \"https://www.youtube.com/watch?v=odM92ap8_c0\",\n            \"poster_url\": \"https://encrypted-tbn0.gstatic.com/images?q=tbn:ANd9GcSpMwciKW5gytHux-4a4B7e50sQCyvnix9C57mAGnY0DNX4-uGQ\",\n            \"movie_type\": \"now_showing\",\n            \"role_type\": \"director\",\n            \"full_name\": \"Mrs. Lady\",\n            \"age\": 29,\n            \"picture_url\": \"https://www.biography.com/.image/t_share/MTE5NTU2MzE2Mzg0MTY3NDM1/quentin-tarantino-9502086-1-402.jpg\"\n        },\n        {\n            \"role_id\": 1,\n            \"movie_id\": 7,\n            \"title\": \"APPLE\",\n            \"summary\": \"Fearsome bitches.\",\n            \"year\": 2020,\n            \"rating\": \"0.9\",\n            \"trailer_url\": \"https://www.youtube.com/watch?v=odM92ap8_c0\",\n            \"poster_url\": \"https://encrypted-tbn0.gstatic.com/images?q=tbn:ANd9GcSpMwciKW5gytHux-4a4B7e50sQCyvnix9C57mAGnY0DNX4-uGQ\",\n            \"movie_type\": \"now_showing\",\n            \"role_type\": \"producer\",\n            \"full_name\": \"Mrs. Lady\",\n            \"age\": 29,\n            \"picture_url\": \"https://www.biography.com/.image/t_share/MTE5NTU2MzE2Mzg0MTY3NDM1/quentin-tarantino-9502086-1-402.jpg\"\n        },\n        {\n            \"role_id\": 2,\n            \"movie_id\": 1,\n            \"title\": \"GOOGLE\",\n            \"summary\": \"Fearsome bitches.\",\n            \"year\": 2012,\n            \"rating\": \"0.9\",\n            \"trailer_url\": \"https://www.youtube.com/watch?v=odM92ap8_c0\",\n            \"poster_url\": \"https://encrypted-tbn0.gstatic.com/images?q=tbn:ANd9GcSpMwciKW5gytHux-4a4B7e50sQCyvnix9C57mAGnY0DNX4-uGQ\",\n            \"movie_type\": \"now_showing\",\n            \"role_type\": \"cast\",\n            \"full_name\": \"Mrs. Women\",\n            \"age\": 29,\n            \"picture_url\": \"https://www.biography.com/.image/t_share/MTE5NTU2MzE2Mzg0MTY3NDM1/quentin-tarantino-9502086-1-402.jpg\"\n        },\n        {\n            \"role_id\": 2,\n            \"movie_id\": 7,\n            \"title\": \"APPLE\",\n            \"summary\": \"Fearsome bitches.\",\n            \"year\": 2020,\n            \"rating\": \"0.9\",\n            \"trailer_url\": \"https://www.youtube.com/watch?v=odM92ap8_c0\",\n            \"poster_url\": \"https://encrypted-tbn0.gstatic.com/images?q=tbn:ANd9GcSpMwciKW5gytHux-4a4B7e50sQCyvnix9C57mAGnY0DNX4-uGQ\",\n            \"movie_type\": \"now_showing\",\n            \"role_type\": \"director\",\n            \"full_name\": \"Mrs. Women\",\n            \"age\": 29,\n            \"picture_url\": \"https://www.biography.com/.image/t_share/MTE5NTU2MzE2Mzg0MTY3NDM1/quentin-tarantino-9502086-1-402.jpg\"\n        },\n        {\n            \"role_id\": 3,\n            \"movie_id\": 1,\n            \"title\": \"GOOGLE\",\n            \"summary\": \"Fearsome bitches.\",\n            \"year\": 2012,\n            \"rating\": \"0.9\",\n            \"trailer_url\": \"https://www.youtube.com/watch?v=odM92ap8_c0\",\n            \"poster_url\": \"https://encrypted-tbn0.gstatic.com/images?q=tbn:ANd9GcSpMwciKW5gytHux-4a4B7e50sQCyvnix9C57mAGnY0DNX4-uGQ\",\n            \"movie_type\": \"now_showing\",\n            \"role_type\": \"cast\",\n            \"full_name\": \"Mr. Guy\",\n            \"age\": 36,\n            \"picture_url\": \"https://www.biography.com/.image/t_share/MTE5NTU2MzE2Mzg0MTY3NDM1/quentin-tarantino-9502086-1-402.jpg\"\n        },\n        {\n            \"role_id\": 3,\n            \"movie_id\": 7,\n            \"title\": \"APPLE\",\n            \"summary\": \"Fearsome bitches.\",\n            \"year\": 2020,\n            \"rating\": \"0.9\",\n            \"trailer_url\": \"https://www.youtube.com/watch?v=odM92ap8_c0\",\n            \"poster_url\": \"https://encrypted-tbn0.gstatic.com/images?q=tbn:ANd9GcSpMwciKW5gytHux-4a4B7e50sQCyvnix9C57mAGnY0DNX4-uGQ\",\n            \"movie_type\": \"now_showing\",\n            \"role_type\": \"cast\",\n            \"full_name\": \"Mr. Guy\",\n            \"age\": 36,\n            \"picture_url\": \"https://www.biography.com/.image/t_share/MTE5NTU2MzE2Mzg0MTY3NDM1/quentin-tarantino-9502086-1-402.jpg\"\n        }\n    ]\n}"}]},{"name":"Get Coming Soon Movies","id":"51b87eb9-a080-45b3-b3c7-a3f51ab819c0","protocolProfileBehavior":{"disableBodyPruning":true},"request":{"method":"GET","header":[],"url":{"raw":"{{base_url}}/movies/coming_soon","host":["{{base_url}}"],"path":["movies","coming_soon"]}},"response":[{"id":"db0eb201-3b1c-46b1-ae71-6c2596030b76","name":"Mock Get Coming Soon Movies","originalRequest":{"method":"GET","header":[],"url":{"raw":"{{base_url}}/movies/coming_soon","host":["{{base_url}}"],"path":["movies","coming_soon"]}},"status":"OK","code":200,"_postman_previewlanguage":"json","header":[{"key":"X-Powered-By","value":"Express"},{"key":"Access-Control-Allow-Origin","value":"*"},{"key":"Content-Type","value":"application/json; charset=utf-8"},{"key":"Content-Length","value":"2954"},{"key":"ETag","value":"W/\"b8a-BG73bbTo0tqOWf8atfjx2zackX4\""},{"key":"Date","value":"Thu, 11 Mar 2021 12:38:56 GMT"},{"key":"Connection","value":"keep-alive"}],"cookie":[],"responseTime":null,"body":"{\n    \"headers\": {\n        \"success\": 1,\n        \"message\": \"Success\"\n    },\n    \"body\": [\n        {\n            \"role_id\": 1,\n            \"movie_id\": 4,\n            \"title\": \"FACEBOOK\",\n            \"summary\": \"Fearsome bitches.\",\n            \"year\": 2020,\n            \"rating\": \"0.9\",\n            \"trailer_url\": \"https://www.youtube.com/watch?v=odM92ap8_c0\",\n            \"poster_url\": \"https://encrypted-tbn0.gstatic.com/images?q=tbn:ANd9GcSpMwciKW5gytHux-4a4B7e50sQCyvnix9C57mAGnY0DNX4-uGQ\",\n            \"movie_type\": \"coming_soon\",\n            \"role_type\": \"producer\",\n            \"full_name\": \"Mrs. Lady\",\n            \"age\": 29,\n            \"picture_url\": \"https://www.biography.com/.image/t_share/MTE5NTU2MzE2Mzg0MTY3NDM1/quentin-tarantino-9502086-1-402.jpg\"\n        },\n        {\n            \"role_id\": 1,\n            \"movie_id\": 12,\n            \"title\": \"LIONNESS\",\n            \"summary\": \"Fearsome lionness.\",\n            \"year\": 2021,\n            \"rating\": \"0.9\",\n            \"trailer_url\": \"https://www.youtube.com/watch?v=odM92ap8_c0\",\n            \"poster_url\": \"https://encrypted-tbn0.gstatic.com/images?q=tbn:ANd9GcSpMwciKW5gytHux-4a4B7e50sQCyvnix9C57mAGnY0DNX4-uGQ\",\n            \"movie_type\": \"coming_soon\",\n            \"role_type\": \"producer\",\n            \"full_name\": \"Mrs. Lady\",\n            \"age\": 29,\n            \"picture_url\": \"https://www.biography.com/.image/t_share/MTE5NTU2MzE2Mzg0MTY3NDM1/quentin-tarantino-9502086-1-402.jpg\"\n        },\n        {\n            \"role_id\": 2,\n            \"movie_id\": 4,\n            \"title\": \"FACEBOOK\",\n            \"summary\": \"Fearsome bitches.\",\n            \"year\": 2020,\n            \"rating\": \"0.9\",\n            \"trailer_url\": \"https://www.youtube.com/watch?v=odM92ap8_c0\",\n            \"poster_url\": \"https://encrypted-tbn0.gstatic.com/images?q=tbn:ANd9GcSpMwciKW5gytHux-4a4B7e50sQCyvnix9C57mAGnY0DNX4-uGQ\",\n            \"movie_type\": \"coming_soon\",\n            \"role_type\": \"director\",\n            \"full_name\": \"Mrs. Women\",\n            \"age\": 29,\n            \"picture_url\": \"https://www.biography.com/.image/t_share/MTE5NTU2MzE2Mzg0MTY3NDM1/quentin-tarantino-9502086-1-402.jpg\"\n        },\n        {\n            \"role_id\": 2,\n            \"movie_id\": 12,\n            \"title\": \"LIONNESS\",\n            \"summary\": \"Fearsome lionness.\",\n            \"year\": 2021,\n            \"rating\": \"0.9\",\n            \"trailer_url\": \"https://www.youtube.com/watch?v=odM92ap8_c0\",\n            \"poster_url\": \"https://encrypted-tbn0.gstatic.com/images?q=tbn:ANd9GcSpMwciKW5gytHux-4a4B7e50sQCyvnix9C57mAGnY0DNX4-uGQ\",\n            \"movie_type\": \"coming_soon\",\n            \"role_type\": \"director\",\n            \"full_name\": \"Mrs. Women\",\n            \"age\": 29,\n            \"picture_url\": \"https://www.biography.com/.image/t_share/MTE5NTU2MzE2Mzg0MTY3NDM1/quentin-tarantino-9502086-1-402.jpg\"\n        },\n        {\n            \"role_id\": 3,\n            \"movie_id\": 4,\n            \"title\": \"FACEBOOK\",\n            \"summary\": \"Fearsome bitches.\",\n            \"year\": 2020,\n            \"rating\": \"0.9\",\n            \"trailer_url\": \"https://www.youtube.com/watch?v=odM92ap8_c0\",\n            \"poster_url\": \"https://encrypted-tbn0.gstatic.com/images?q=tbn:ANd9GcSpMwciKW5gytHux-4a4B7e50sQCyvnix9C57mAGnY0DNX4-uGQ\",\n            \"movie_type\": \"coming_soon\",\n            \"role_type\": \"cast\",\n            \"full_name\": \"Mr. Guy\",\n            \"age\": 36,\n            \"picture_url\": \"https://www.biography.com/.image/t_share/MTE5NTU2MzE2Mzg0MTY3NDM1/quentin-tarantino-9502086-1-402.jpg\"\n        },\n        {\n            \"role_id\": 3,\n            \"movie_id\": 12,\n            \"title\": \"LIONNESS\",\n            \"summary\": \"Fearsome lionness.\",\n            \"year\": 2021,\n            \"rating\": \"0.9\",\n            \"trailer_url\": \"https://www.youtube.com/watch?v=odM92ap8_c0\",\n            \"poster_url\": \"https://encrypted-tbn0.gstatic.com/images?q=tbn:ANd9GcSpMwciKW5gytHux-4a4B7e50sQCyvnix9C57mAGnY0DNX4-uGQ\",\n            \"movie_type\": \"coming_soon\",\n            \"role_type\": \"cast\",\n            \"full_name\": \"Mr. Guy\",\n            \"age\": 36,\n            \"picture_url\": \"https://www.biography.com/.image/t_share/MTE5NTU2MzE2Mzg0MTY3NDM1/quentin-tarantino-9502086-1-402.jpg\"\n        }\n    ]\n}"}]},{"name":"Update A Movie","id":"02def29a-6c37-425f-9bc6-cb38da30b5af","protocolProfileBehavior":{"disableBodyPruning":true},"request":{"method":"PATCH","header":[],"body":{"mode":"raw","raw":"{\r\n    \"movie_type\": \"now_showing\"\r\n}","options":{"raw":{"language":"json"}}},"url":{"raw":"{{base_url}}/movies/id/4","host":["{{base_url}}"],"path":["movies","id","4"]}},"response":[{"id":"6cb6f12d-603f-4f62-923d-c10c55183359","name":"Mock Update A Movie","originalRequest":{"method":"PATCH","header":[],"body":{"mode":"raw","raw":"{\r\n    \"movie_type\": \"now_showing\"\r\n}","options":{"raw":{"language":"json"}}},"url":{"raw":"{{base_url}}/movies/id/4","host":["{{base_url}}"],"path":["movies","id","4"]}},"status":"OK","code":200,"_postman_previewlanguage":"json","header":[{"key":"X-Powered-By","value":"Express"},{"key":"Access-Control-Allow-Origin","value":"*"},{"key":"Content-Type","value":"application/json; charset=utf-8"},{"key":"Content-Length","value":"114"},{"key":"ETag","value":"W/\"72-TcOMRvnhMjXd2s49iEWIyzv2C3M\""},{"key":"Date","value":"Thu, 11 Mar 2021 14:33:01 GMT"},{"key":"Connection","value":"keep-alive"}],"cookie":[],"responseTime":null,"body":"{\n    \"headers\": {\n        \"success\": 1,\n        \"message\": \"Movie updated successfully\"\n    },\n    \"body\": \"Rows matched: 1  Changed: 1  Warnings: 0\"\n}"}]},{"name":"Get All Roles For A Movie","id":"c5bb9cc2-ede2-491d-9b80-1cb3a1b10bb4","protocolProfileBehavior":{"disableBodyPruning":true},"request":{"method":"GET","header":[],"url":{"raw":"{{base_url}}/movies/id/4/roles","host":["{{base_url}}"],"path":["movies","id","4","roles"]}},"response":[{"id":"a1ebb197-da55-429a-94c9-8265e025ebd5","name":"Mock Get All Roles For A Movie","originalRequest":{"method":"GET","header":[],"url":{"raw":"{{base_url}}/movies/id/4/roles","host":["{{base_url}}"],"path":["movies","id","4","roles"]}},"status":"OK","code":200,"_postman_previewlanguage":"json","header":[{"key":"X-Powered-By","value":"Express"},{"key":"Access-Control-Allow-Origin","value":"*"},{"key":"Content-Type","value":"application/json; charset=utf-8"},{"key":"Content-Length","value":"613"},{"key":"ETag","value":"W/\"265-WD0Pt45zCJYbFoQnOyDt4u6GMDA\""},{"key":"Date","value":"Thu, 11 Mar 2021 12:39:09 GMT"},{"key":"Connection","value":"keep-alive"}],"cookie":[],"responseTime":null,"body":"{\n    \"headers\": {\n        \"success\": 1,\n        \"message\": \"Success\"\n    },\n    \"body\": [\n        {\n            \"role_id\": 1,\n            \"full_name\": \"Mrs. Lady\",\n            \"age\": 29,\n            \"picture_url\": \"https://www.biography.com/.image/t_share/MTE5NTU2MzE2Mzg0MTY3NDM1/quentin-tarantino-9502086-1-402.jpg\",\n            \"role_type\": \"producer\"\n        },\n        {\n            \"role_id\": 2,\n            \"full_name\": \"Mrs. Women\",\n            \"age\": 29,\n            \"picture_url\": \"https://www.biography.com/.image/t_share/MTE5NTU2MzE2Mzg0MTY3NDM1/quentin-tarantino-9502086-1-402.jpg\",\n            \"role_type\": \"director\"\n        },\n        {\n            \"role_id\": 3,\n            \"full_name\": \"Mr. Guy\",\n            \"age\": 36,\n            \"picture_url\": \"https://www.biography.com/.image/t_share/MTE5NTU2MzE2Mzg0MTY3NDM1/quentin-tarantino-9502086-1-402.jpg\",\n            \"role_type\": \"cast\"\n        }\n    ]\n}"}]}],"auth":{"type":"bearer","bearer":[{"key":"token","value":"eyJhbGciOiJIUzI1NiIsInR5cCI6IkpXVCJ9.eyJ1c2VyX2lkIjoiMSIsImlhdCI6MTYxNTQ2Mzk2MCwiZXhwIjoxNjE1NTUwMzYwfQ.JcZyZpeqnRK5N6DOMOTteOf0tTLLEShKCWaCwi_NR3Q","type":"string"}]},"event":[{"listen":"prerequest","script":{"id":"84dc8ead-a789-4196-a6df-2c8f5511f47b","type":"text/javascript","exec":[""]}},{"listen":"test","script":{"id":"0ccbae83-4402-403c-a0c8-d07723517a89","type":"text/javascript","exec":[""]}}]}