{"info":{"_postman_id":"c376c715-c09b-4317-887c-837d65b4feb9","name":"shows","schema":"https://schema.getpostman.com/json/collection/v2.1.0/collection.json"},"item":[{"name":"Get All Shows","id":"a6c2476a-5f9f-4fb0-8508-8373318af4db","protocolProfileBehavior":{"disableBodyPruning":true},"request":{"method":"GET","header":[],"url":{"raw":"{{base_url}}/shows","host":["{{base_url}}"],"path":["shows"]}},"response":[{"id":"cb654e0a-9da5-45f9-a497-47704254a252","name":"Mock Get All Shows","originalRequest":{"method":"GET","header":[],"url":{"raw":"{{base_url}}/shows","host":["{{base_url}}"],"path":["shows"]}},"status":"OK","code":200,"_postman_previewlanguage":"json","header":[{"key":"X-Powered-By","value":"Express"},{"key":"Access-Control-Allow-Origin","value":"*"},{"key":"Content-Type","value":"application/json; charset=utf-8"},{"key":"Content-Length","value":"702"},{"key":"ETag","value":"W/\"2be-RBK3vxZFc7RBdDK5bk94Qqx04ag\""},{"key":"Date","value":"Thu, 11 Mar 2021 13:00:45 GMT"},{"key":"Connection","value":"keep-alive"}],"cookie":[],"responseTime":null,"body":"{\n    \"headers\": {\n        \"success\": 1,\n        \"message\": \"Success\"\n    },\n    \"body\": [\n        {\n            \"show_id\": 14,\n            \"start_time\": \"12:30:00\",\n            \"end_time\": \"2:45:00\",\n            \"date\": \"2021-03-15\",\n            \"movie_id\": 1,\n            \"theater_id\": 8,\n            \"show_status\": \"free\"\n        },\n        {\n            \"show_id\": 17,\n            \"start_time\": \"2:30:00\",\n            \"end_time\": \"4:45:00\",\n            \"date\": \"2021-03-14\",\n            \"movie_id\": 4,\n            \"theater_id\": 10,\n            \"show_status\": \"free\"\n        },\n        {\n            \"show_id\": 18,\n            \"start_time\": \"2:30:00\",\n            \"end_time\": \"4:45:00\",\n            \"date\": \"2021-03-16\",\n            \"movie_id\": 4,\n            \"theater_id\": 10,\n            \"show_status\": \"full\"\n        },\n        {\n            \"show_id\": 20,\n            \"start_time\": \"11:30:00\",\n            \"end_time\": \"13:45:00\",\n            \"date\": \"2021-03-16\",\n            \"movie_id\": 4,\n            \"theater_id\": 8,\n            \"show_status\": \"full\"\n        },\n        {\n            \"show_id\": 21,\n            \"start_time\": \"10:00:00\",\n            \"end_time\": \"12:15:00\",\n            \"date\": \"2021-03-16\",\n            \"movie_id\": 4,\n            \"theater_id\": 10,\n            \"show_status\": \"full\"\n        }\n    ]\n}"}]},{"name":"Get Filtered Shows","id":"c8a49380-6ca3-4d38-98dd-d7f9d24eb6ec","protocolProfileBehavior":{"disableBodyPruning":true},"request":{"method":"GET","header":[],"url":{"raw":"{{base_url}}/shows/filters?date=2021-03-16","host":["{{base_url}}"],"path":["shows","filters"],"query":[{"key":"date","value":"2021-03-16"}]}},"response":[{"id":"eff5d92f-89ee-4ab4-b236-3cc49eef01b2","name":"Mock Get Filtered Shows","originalRequest":{"method":"GET","header":[],"url":{"raw":"{{base_url}}/shows/filters?date=2021-03-16","host":["{{base_url}}"],"path":["shows","filters"],"query":[{"key":"date","value":"2021-03-16"}]}},"status":"OK","code":200,"_postman_previewlanguage":"json","header":[{"key":"X-Powered-By","value":"Express"},{"key":"Access-Control-Allow-Origin","value":"*"},{"key":"Content-Type","value":"application/json; charset=utf-8"},{"key":"Content-Length","value":"444"},{"key":"ETag","value":"W/\"1bc-IFCuY4vvy000yiCYdIbYakDhFuM\""},{"key":"Date","value":"Thu, 11 Mar 2021 13:00:55 GMT"},{"key":"Connection","value":"keep-alive"}],"cookie":[],"responseTime":null,"body":"{\n    \"headers\": {\n        \"success\": 1,\n        \"message\": \"Success\"\n    },\n    \"body\": [\n        {\n            \"show_id\": 18,\n            \"start_time\": \"2:30:00\",\n            \"end_time\": \"4:45:00\",\n            \"date\": \"2021-03-16\",\n            \"movie_id\": 4,\n            \"theater_id\": 10,\n            \"show_status\": \"full\"\n        },\n        {\n            \"show_id\": 20,\n            \"start_time\": \"11:30:00\",\n            \"end_time\": \"13:45:00\",\n            \"date\": \"2021-03-16\",\n            \"movie_id\": 4,\n            \"theater_id\": 8,\n            \"show_status\": \"full\"\n        },\n        {\n            \"show_id\": 21,\n            \"start_time\": \"10:00:00\",\n            \"end_time\": \"12:15:00\",\n            \"date\": \"2021-03-16\",\n            \"movie_id\": 4,\n            \"theater_id\": 10,\n            \"show_status\": \"full\"\n        }\n    ]\n}"}]},{"name":"Get Show By Id","id":"8725dc5e-eb7c-4ac7-8d7e-6586fcdfe90e","protocolProfileBehavior":{"disableBodyPruning":true},"request":{"method":"GET","header":[],"body":{"mode":"raw","raw":"","options":{"raw":{"language":"json"}}},"url":{"raw":"{{base_url}}/shows/id/20","host":["{{base_url}}"],"path":["shows","id","20"]}},"response":[{"id":"e5859fed-434e-4d4f-a3d0-22608e6938d6","name":"Mock Get Show By Id","originalRequest":{"method":"GET","header":[],"body":{"mode":"raw","raw":"","options":{"raw":{"language":"json"}}},"url":{"raw":"{{base_url}}/shows/id/20","host":["{{base_url}}"],"path":["shows","id","20"]}},"status":"OK","code":200,"_postman_previewlanguage":"json","header":[{"key":"X-Powered-By","value":"Express"},{"key":"Access-Control-Allow-Origin","value":"*"},{"key":"Content-Type","value":"application/json; charset=utf-8"},{"key":"Content-Length","value":"182"},{"key":"ETag","value":"W/\"b6-DYMsIpwDzWzjHqSV5FKrAnf54TY\""},{"key":"Date","value":"Thu, 11 Mar 2021 13:01:09 GMT"},{"key":"Connection","value":"keep-alive"}],"cookie":[],"responseTime":null,"body":"{\n    \"headers\": {\n        \"success\": 1,\n        \"message\": \"Success\"\n    },\n    \"body\": {\n        \"show_id\": 20,\n        \"start_time\": \"11:30:00\",\n        \"end_time\": \"13:45:00\",\n        \"date\": \"2021-03-16\",\n        \"movie_id\": 4,\n        \"theater_id\": 8,\n        \"show_status\": \"full\"\n    }\n}"}]},{"name":"Add a show","id":"ba8e71e1-b7a9-4cac-8711-82897db71ba9","protocolProfileBehavior":{"disableBodyPruning":true},"request":{"method":"POST","header":[],"body":{"mode":"raw","raw":"{\r\n    \"start_time\":\"10:00\",\r\n    \"end_time\":\"12:15\",\r\n    \"date\":\"2021-03-16\",\r\n    \"show_status\":\"full\",\r\n    \"theater_id\": 10,\r\n    \"movie_id\": 4\r\n}","options":{"raw":{"language":"json"}}},"url":{"raw":"{{base_url}}/shows","host":["{{base_url}}"],"path":["shows"]}},"response":[]},{"name":"Update a show","id":"498838f1-2413-4362-b575-66dff5b81ab8","protocolProfileBehavior":{"disableBodyPruning":true},"request":{"method":"PATCH","header":[],"body":{"mode":"raw","raw":"{\r\n    \"theater_id\":10,\r\n    \"start_time\":\"11:30\",\r\n    \"end_time\":\"13:45\",\r\n    \"date\":\"2021-03-16\"\r\n}","options":{"raw":{"language":"json"}}},"url":{"raw":"{{base_url}}/shows/id/20","host":["{{base_url}}"],"path":["shows","id","20"]}},"response":[]}],"auth":{"type":"bearer","bearer":[{"key":"token","value":"eyJhbGciOiJIUzI1NiIsInR5cCI6IkpXVCJ9.eyJ1c2VyX2lkIjoiMSIsImlhdCI6MTYxNTQ2Mzk2MCwiZXhwIjoxNjE1NTUwMzYwfQ.JcZyZpeqnRK5N6DOMOTteOf0tTLLEShKCWaCwi_NR3Q","type":"string"}]},"event":[{"listen":"prerequest","script":{"id":"299c450c-cd5e-4f79-b22e-8a1d75d9a743","type":"text/javascript","exec":[""]}},{"listen":"test","script":{"id":"a6519bf4-e319-479e-bc76-bbbe76bb326e","type":"text/javascript","exec":[""]}}]}