{"info":{"_postman_id":"4a01a35c-c589-4dd2-a90c-0014412d9e2b","name":"bookings","description":"A collection of requests for `/bookings` endpoint.","schema":"https://schema.getpostman.com/json/collection/v2.1.0/collection.json"},"item":[{"name":"Get all bookings","id":"ccc0ab55-ec8d-42b2-a5f8-edf51fc446e3","protocolProfileBehavior":{"disableBodyPruning":true},"request":{"method":"GET","header":[],"url":{"raw":"{{prod_url}}/bookings","host":["{{prod_url}}"],"path":["bookings"]},"description":"# Get all bookings #\n\n## Response ##\n------------\nList of booking details where each list item contains:\n - `booking_id`\n - `user_id`\n - `show_id`\n - `seat_row`\n - `seat_number`\n - `price\": 700`\n - `booking_status`\n - `booking_datetime`"},"response":[{"id":"aaeaa73c-7e75-46d1-9283-e856c895e94d","name":"Mock Get all bookings","originalRequest":{"method":"GET","header":[],"url":{"raw":"{{base_url}}/bookings","host":["{{base_url}}"],"path":["bookings"]}},"status":"OK","code":200,"_postman_previewlanguage":"json","header":[{"key":"X-Powered-By","value":"Express"},{"key":"Access-Control-Allow-Origin","value":"*"},{"key":"Content-Type","value":"application/json; charset=utf-8"},{"key":"Content-Length","value":"554"},{"key":"ETag","value":"W/\"22a-ROuWTcKgsSbTzNM5lIQ/rk41SO8\""},{"key":"Date","value":"Thu, 11 Mar 2021 12:07:46 GMT"},{"key":"Connection","value":"keep-alive"}],"cookie":[],"responseTime":null,"body":"{\n    \"headers\": {\n        \"success\": 1,\n        \"message\": \"Success\"\n    },\n    \"body\": [\n        {\n            \"booking_id\": 1,\n            \"user_id\": 1,\n            \"show_id\": 14,\n            \"seat_row\": \"A\",\n            \"seat_number\": 11,\n            \"price\": 700,\n            \"booking_status\": \"confirmed\"\n        },\n        {\n            \"booking_id\": 2,\n            \"user_id\": 2,\n            \"show_id\": 14,\n            \"seat_row\": \"A\",\n            \"seat_number\": 16,\n            \"price\": 700,\n            \"booking_status\": \"confirmed\"\n        },\n        {\n            \"booking_id\": 3,\n            \"user_id\": 2,\n            \"show_id\": 14,\n            \"seat_row\": \"A\",\n            \"seat_number\": 17,\n            \"price\": 700,\n            \"booking_status\": \"confirmed\"\n        },\n        {\n            \"booking_id\": 6,\n            \"user_id\": 2,\n            \"show_id\": 18,\n            \"seat_row\": \"B\",\n            \"seat_number\": 2,\n            \"price\": 700,\n            \"booking_status\": \"confirmed\",\n            \"booking_datetime\": \"2021-03-05 06:41:00\"\n        }\n    ]\n}"}]},{"name":"Get Booking By Id","id":"50a9193e-74e4-41ef-8f09-d1d5cf58be70","protocolProfileBehavior":{"disableBodyPruning":true},"request":{"method":"GET","header":[],"url":{"raw":"{{base_url}}/bookings/id/6","host":["{{base_url}}"],"path":["bookings","id","6"]},"description":"# Get a booking by id #\n\n## Response ##\n------------\n - `booking_id`\n - `user_id`\n - `show_id`\n - `seat_row`\n - `seat_number`\n - `price\": 700`\n - `booking_status`\n - `booking_datetime`"},"response":[{"id":"e3dd3d94-f897-41ca-b7d6-c2b9462637af","name":"Mock Get Booking By Id","originalRequest":{"method":"GET","header":[],"url":{"raw":"{{base_url}}/bookings/id/6","host":["{{base_url}}"],"path":["bookings","id","6"]}},"status":"OK","code":200,"_postman_previewlanguage":"json","header":[{"key":"X-Powered-By","value":"Express"},{"key":"Access-Control-Allow-Origin","value":"*"},{"key":"Content-Type","value":"application/json; charset=utf-8"},{"key":"Content-Length","value":"207"},{"key":"ETag","value":"W/\"cf-3w6SKCV+IJcC/Reyo+nZDaOLl/g\""},{"key":"Date","value":"Thu, 11 Mar 2021 12:08:06 GMT"},{"key":"Connection","value":"keep-alive"}],"cookie":[],"responseTime":null,"body":"{\n    \"headers\": {\n        \"success\": 1,\n        \"message\": \"Success\"\n    },\n    \"body\": {\n        \"booking_id\": 6,\n        \"user_id\": 2,\n        \"show_id\": 18,\n        \"seat_row\": \"B\",\n        \"seat_number\": 2,\n        \"price\": 700,\n        \"booking_status\": \"confirmed\",\n        \"booking_datetime\": \"2021-03-05 06:41:00\"\n    }\n}"}]},{"name":"Get filtered bookings","id":"e25f6430-6c46-4e3e-b0a4-d559dc2ed886","protocolProfileBehavior":{"disableBodyPruning":true},"request":{"method":"GET","header":[],"url":{"raw":"{{prod_url}}/bookings/filters?user_id=10&show_id=22","host":["{{prod_url}}"],"path":["bookings","filters"],"query":[{"key":"user_id","value":"10"},{"key":"id","value":"1","disabled":true},{"key":"show_id","value":"22"}]},"description":"# Get bookings with specificied filters #\n\n## Response ##\n------------\nList of booking details where each list item contains:\n - `booking_id`\n - `user_id`\n - `show_id`\n - `seat_row`\n - `seat_number`\n - `price\": 700`\n - `booking_status`\n - `booking_datetime`"},"response":[{"id":"4841839c-34b4-4edd-88e3-71fbc2d3ba97","name":"Mock Get filtered bookings","originalRequest":{"method":"GET","header":[],"url":{"raw":"{{base_url}}/bookings/filters?seat=A-11","host":["{{base_url}}"],"path":["bookings","filters"],"query":[{"key":"id","value":"1","disabled":true},{"key":"seat","value":"A-11"}]}},"status":"OK","code":200,"_postman_previewlanguage":"json","header":[{"key":"X-Powered-By","value":"Express"},{"key":"Access-Control-Allow-Origin","value":"*"},{"key":"Content-Type","value":"application/json; charset=utf-8"},{"key":"Content-Length","value":"169"},{"key":"ETag","value":"W/\"a9-jH6ivmuhcz1/bcfO1RQS34CxZZg\""},{"key":"Date","value":"Thu, 11 Mar 2021 12:08:24 GMT"},{"key":"Connection","value":"keep-alive"}],"cookie":[],"responseTime":null,"body":"{\n    \"headers\": {\n        \"success\": 1,\n        \"message\": \"Success\"\n    },\n    \"body\": [\n        {\n            \"booking_id\": 1,\n            \"user_id\": 1,\n            \"show_id\": 14,\n            \"seat_row\": \"A\",\n            \"seat_number\": 11,\n            \"price\": 700,\n            \"booking_status\": \"confirmed\"\n        }\n    ]\n}"}]},{"name":"Get User bookings","id":"12467691-76f8-42d0-b9ae-872d439adb2e","protocolProfileBehavior":{"disableBodyPruning":true},"request":{"method":"GET","header":[],"url":{"raw":"{{prod_url}}/bookings/users/10","host":["{{prod_url}}"],"path":["bookings","users","10"],"query":[{"key":"id","value":"1","disabled":true}]},"description":"# Get bookings for a user #\n\n## Response ##\n------------\nList of booking details where each list item contains:\n - `booking_id`\n - `user_id`\n - `show_id`\n - `seat_row`\n - `seat_number`\n - `price\": 700`\n - `booking_status`\n - `booking_datetime`"},"response":[{"id":"84138e9a-0a42-4c91-9874-f55c1c5ece99","name":"Mock Get User bookings","originalRequest":{"method":"GET","header":[],"url":{"raw":"{{base_url}}/bookings/users/2","host":["{{base_url}}"],"path":["bookings","users","2"],"query":[{"key":"id","value":"1","disabled":true}]}},"status":"OK","code":200,"_postman_previewlanguage":"json","header":[{"key":"X-Powered-By","value":"Express"},{"key":"Access-Control-Allow-Origin","value":"*"},{"key":"Content-Type","value":"application/json; charset=utf-8"},{"key":"Content-Length","value":"502"},{"key":"ETag","value":"W/\"1f6-R/iVK8CCa22MARi1vyX8mXm3aO8\""},{"key":"Date","value":"Thu, 11 Mar 2021 12:59:32 GMT"},{"key":"Connection","value":"keep-alive"}],"cookie":[],"responseTime":null,"body":"{\n    \"headers\": {\n        \"success\": 1,\n        \"message\": \"Success\"\n    },\n    \"body\": [\n        {\n            \"show_id\": 14,\n            \"title\": \"GOOGLE\",\n            \"poster_url\": \"https://encrypted-tbn0.gstatic.com/images?q=tbn:ANd9GcSpMwciKW5gytHux-4a4B7e50sQCyvnix9C57mAGnY0DNX4-uGQ\",\n            \"bookings\": [\n                {\n                    \"booking_id\": 2,\n                    \"price\": 700,\n                    \"seat_row\": \"A\",\n                    \"seat_number\": 16,\n                    \"booking_status\": \"confirmed\",\n                    \"booking_datetime\": \"2021-03-05 06:41:00\"\n                },\n                {\n                    \"booking_id\": 3,\n                    \"price\": 700,\n                    \"seat_row\": \"A\",\n                    \"seat_number\": 17,\n                    \"booking_status\": \"confirmed\",\n                    \"booking_datetime\": \"2021-03-05 06:41:00\"\n                }\n            ]\n        },\n        {\n            \"show_id\": 18,\n            \"title\": \"FACEBOOK\",\n            \"poster_url\": \"https://encrypted-tbn0.gstatic.com/images?q=tbn:ANd9GcSpMwciKW5gytHux-4a4B7e50sQCyvnix9C57mAGnY0DNX4-uGQ\",\n            \"bookings\": [\n                {\n                    \"booking_id\": 6,\n                    \"price\": 700,\n                    \"seat_row\": \"B\",\n                    \"seat_number\": 2,\n                    \"booking_status\": \"confirmed\",\n                    \"booking_datetime\": \"2021-03-05 06:41:00\"\n                }\n            ]\n        }\n    ]\n}"}]},{"name":"Get Show bookings","id":"3b931f6f-81c4-4e13-93de-c47485d7db1a","protocolProfileBehavior":{"disableBodyPruning":true},"request":{"method":"GET","header":[],"url":{"raw":"{{prod_url}}/bookings/shows/22","host":["{{prod_url}}"],"path":["bookings","shows","22"],"query":[{"key":"id","value":"1","disabled":true}]},"description":"# Get booked seats for a show #\n\n## Response ##\n------------\n`booked_seats` A list with each list item having:\n - `seat_row`\n - `seat_number`"},"response":[{"id":"402bf7c1-cca6-40c8-92f8-6b5f944d3520","name":"Mock Get Show bookings","originalRequest":{"method":"GET","header":[],"url":{"raw":"{{base_url}}/bookings/shows/14","host":["{{base_url}}"],"path":["bookings","shows","14"],"query":[{"key":"id","value":"1","disabled":true}]}},"status":"OK","code":200,"_postman_previewlanguage":"json","header":[{"key":"X-Powered-By","value":"Express"},{"key":"Access-Control-Allow-Origin","value":"*"},{"key":"Content-Type","value":"application/json; charset=utf-8"},{"key":"Content-Length","value":"173"},{"key":"ETag","value":"W/\"ad-F1LKt5FjmRb1B31GF5mBartrOg4\""},{"key":"Date","value":"Thu, 11 Mar 2021 14:25:20 GMT"},{"key":"Connection","value":"keep-alive"}],"cookie":[],"responseTime":null,"body":"{\n    \"headers\": {\n        \"success\": 1,\n        \"message\": \"Success\"\n    },\n    \"body\": {\n        \"booked_seats\": [\n            {\n                \"seat_row\": \"A\",\n                \"seat_number\": 11\n            },\n            {\n                \"seat_row\": \"A\",\n                \"seat_number\": 16\n            },\n            {\n                \"seat_row\": \"A\",\n                \"seat_number\": 17\n            }\n        ]\n    }\n}"}]},{"name":"Add a booking","id":"010b58ef-2afe-40af-8505-0f189bf31ff4","protocolProfileBehavior":{"disableBodyPruning":true},"request":{"method":"POST","header":[],"body":{"mode":"raw","raw":"{\r\n    \"user_id\":10,\r\n    \"booking_status\":\"reserved\",\r\n    \"show_id\":22,\r\n    \"seat\":\"D-3\",\r\n    \"price\":700,\r\n    \"booking_datetime\":\"2021-05-31 11:27:00\"\r\n}","options":{"raw":{"language":"json"}}},"url":{"raw":"{{prod_url}}/bookings/","host":["{{prod_url}}"],"path":["bookings",""]},"description":"# Add a new booking #\n------------\nThese parameters have special rules:\n### Booking Status ###\n`booking_status` can take one of three values:\n - `reserved` for temporary pre-payment booking.\n - `confirmed` for paid booking.\n - `cancelled` for refunded booking.\n\n### Seat ###\n - Be a string.\n - Have the format \"[seat_row]-[seat_number]\".\n\n### Booking Datetime ###\n - Be a string.\n - Have the format \"yyyy-mm-dd hh:mm:ss\".\n------------\n## Response ##\n------------\n - `booking_id` New booking's id.\n - `affected_rows` Should be 1."},"response":[{"id":"6eddcbf4-c09c-42a7-8e57-9cf27fa63cb4","name":"Mock Add a booking","originalRequest":{"method":"POST","header":[],"body":{"mode":"raw","raw":"{\r\n    \"user_id\":2,\r\n    \"booking_status\":\"reserved\",\r\n    \"show_id\":18,\r\n    \"seat\":\"B-3\",\r\n    \"price\":700,\r\n    \"booking_datetime\":\"2021-03-11 06:41:00\"\r\n}","options":{"raw":{"language":"json"}}},"url":{"raw":"{{base_url}}/bookings/","host":["{{base_url}}"],"path":["bookings",""]}},"status":"Created","code":201,"_postman_previewlanguage":"json","header":[{"key":"X-Powered-By","value":"Express"},{"key":"Access-Control-Allow-Origin","value":"*"},{"key":"Content-Type","value":"application/json; charset=utf-8"},{"key":"Content-Length","value":"100"},{"key":"ETag","value":"W/\"64-NJV6W7StBkEjto3MWYPH7Dt+/ZQ\""},{"key":"Date","value":"Thu, 11 Mar 2021 12:09:28 GMT"},{"key":"Connection","value":"keep-alive"}],"cookie":[],"responseTime":null,"body":"{\n    \"headers\": {\n        \"success\": 1,\n        \"message\": \"Booking was created!\"\n    },\n    \"body\": {\n        \"booking_id\": 7,\n        \"affected_rows\": 1\n    }\n}"}]},{"name":"Update a booking","id":"28acb738-d832-47e4-a5e2-5d9fa76f34fe","protocolProfileBehavior":{"disableBodyPruning":true},"request":{"method":"PATCH","header":[],"body":{"mode":"raw","raw":"{\r\n    \"booking_status\":\"confirmed\"\r\n}","options":{"raw":{"language":"json"}}},"url":{"raw":"{{prod_url}}/bookings/id/11","host":["{{prod_url}}"],"path":["bookings","id","11"]},"description":"# Update booking details #\n## Response ##\n------------\n - None</ul>\n\n***Note*** : `message` header indicates result."},"response":[{"id":"99ca5c88-b987-4f21-a752-cb3a2d8a4df4","name":"Mock Update a booking","originalRequest":{"method":"PATCH","header":[],"body":{"mode":"raw","raw":"{\r\n    \"booking_status\":\"cancelled\"\r\n}","options":{"raw":{"language":"json"}}},"url":{"raw":"{{base_url}}/bookings/id/6","host":["{{base_url}}"],"path":["bookings","id","6"]}},"status":"OK","code":200,"_postman_previewlanguage":"json","header":[{"key":"X-Powered-By","value":"Express"},{"key":"Access-Control-Allow-Origin","value":"*"},{"key":"Content-Type","value":"application/json; charset=utf-8"},{"key":"Content-Length","value":"116"},{"key":"ETag","value":"W/\"74-9rUnRxnq0oMgF9qxowgAwUyaXws\""},{"key":"Date","value":"Thu, 11 Mar 2021 12:10:03 GMT"},{"key":"Connection","value":"keep-alive"}],"cookie":[],"responseTime":null,"body":"{\n    \"headers\": {\n        \"success\": 1,\n        \"message\": \"Booking updated successfully\"\n    },\n    \"body\": \"Rows matched: 1  Changed: 1  Warnings: 0\"\n}"}]},{"name":"Delete a booking","id":"3dcd7e4c-5a1f-4895-bcc4-7296bf754a9c","protocolProfileBehavior":{"disableBodyPruning":true},"request":{"method":"DELETE","header":[],"url":{"raw":"{{base_url}}/bookings/id/7","host":["{{base_url}}"],"path":["bookings","id","7"]},"description":"# Delete a booking #\n## Response ##\n------------\n - None</ul>\n\n***Note*** : `message` header indicates result."},"response":[{"id":"f21da6a6-6926-49ab-b73b-6d16789ce38b","name":"Mock Delete a booking","originalRequest":{"method":"DELETE","header":[],"url":{"raw":"{{base_url}}/bookings/id/7","host":["{{base_url}}"],"path":["bookings","id","7"]}},"status":"OK","code":200,"_postman_previewlanguage":"json","header":[{"key":"X-Powered-By","value":"Express"},{"key":"Access-Control-Allow-Origin","value":"*"},{"key":"Content-Type","value":"application/json; charset=utf-8"},{"key":"Content-Length","value":"72"},{"key":"ETag","value":"W/\"48-3pw1qSyBLqkQfmvuK0DO0EjjLAw\""},{"key":"Date","value":"Thu, 11 Mar 2021 12:10:51 GMT"},{"key":"Connection","value":"keep-alive"}],"cookie":[],"responseTime":null,"body":"{\n    \"headers\": {\n        \"success\": 1,\n        \"message\": \"Booking has been deleted\"\n    },\n    \"body\": {}\n}"}]}],"auth":{"type":"bearer","bearer":[{"key":"token","value":"eyJhbGciOiJIUzI1NiIsInR5cCI6IkpXVCJ9.eyJ1c2VyX2lkIjoiMSIsImlhdCI6MTYyMjgzNDI3MSwiZXhwIjoxNjIyOTIwNjcxfQ.LwfvL1r7q7-HJyKDFu-iqlaU4M-vQwdb_vsCRleSQ9E","type":"string"}]},"event":[{"listen":"prerequest","script":{"id":"185e32a0-c3c3-4c1e-b741-be96448ec399","type":"text/javascript","exec":[""]}},{"listen":"test","script":{"id":"53dec25e-ac94-4700-bb23-3eee13ad3250","type":"text/javascript","exec":[""]}}]}