{"info":{"_postman_id":"556773fc-39b1-47f8-b9a1-31dd77e5b52d","name":"genres","description":"A collection with requests for `/genres` endpoint.","schema":"https://schema.getpostman.com/json/collection/v2.1.0/collection.json"},"item":[{"name":"Get All Genres","id":"a43b1722-db52-4c82-bbf2-7887ebbd7c5e","protocolProfileBehavior":{"disableBodyPruning":true},"request":{"method":"GET","header":[],"url":{"raw":"{{prod_url}}/genres","host":["{{prod_url}}"],"path":["genres"]},"description":"# Get all genres #\n\n## Response ##\n------------\nList of genre details where each list item contains:\n - `genre_id`\n - `genre`"},"response":[{"id":"fe11d9c7-2d50-4fdc-a748-fbec7eeb9ea1","name":"Mock Get All Genres","originalRequest":{"method":"GET","header":[],"url":{"raw":"{{base_url}}/genres","host":["{{base_url}}"],"path":["genres"]}},"status":"OK","code":200,"_postman_previewlanguage":"json","header":[{"key":"X-Powered-By","value":"Express"},{"key":"Access-Control-Allow-Origin","value":"*"},{"key":"Content-Type","value":"application/json; charset=utf-8"},{"key":"Content-Length","value":"314"},{"key":"ETag","value":"W/\"13a-KCLQCvrE7b87EC7A1U92jQenIME\""},{"key":"Date","value":"Sun, 02 May 2021 12:23:52 GMT"},{"key":"Connection","value":"keep-alive"},{"key":"Keep-Alive","value":"timeout=5"}],"cookie":[],"responseTime":null,"body":"{\n    \"headers\": {\n        \"success\": 1,\n        \"message\": \"Success\"\n    },\n    \"body\": [\n        {\n            \"genre_id\": 1,\n            \"genre\": \"Horror\"\n        },\n        {\n            \"genre_id\": 2,\n            \"genre\": \"Action\"\n        },\n        {\n            \"genre_id\": 3,\n            \"genre\": \"Fantasy\"\n        },\n        {\n            \"genre_id\": 4,\n            \"genre\": \"Comedy\"\n        },\n        {\n            \"genre_id\": 5,\n            \"genre\": \"Drama\"\n        },\n        {\n            \"genre_id\": 6,\n            \"genre\": \"Thriller\"\n        },\n        {\n            \"genre_id\": 7,\n            \"genre\": \"Mystery\"\n        },\n        {\n            \"genre_id\": 8,\n            \"genre\": \"Romance\"\n        }\n    ]\n}"}]},{"name":"Get Genre By Id","id":"106e9414-72a7-4ed7-a4ef-d4454e2ede67","protocolProfileBehavior":{"disableBodyPruning":true},"request":{"method":"GET","header":[],"url":{"raw":"{{base_url}}/genres/id/2","host":["{{base_url}}"],"path":["genres","id","2"]},"description":"# Get a genre by id #\n\n## Response ##\n------------\n - `genre_id`\n - `genre`"},"response":[{"id":"9a306399-9f98-42db-88a3-9584b7efedc1","name":"Mock Get Genre By Id","originalRequest":{"method":"GET","header":[],"url":{"raw":"{{base_url}}/genres/id/2","host":["{{base_url}}"],"path":["genres","id","2"]}},"status":"OK","code":200,"_postman_previewlanguage":"json","header":[{"key":"X-Powered-By","value":"Express"},{"key":"Access-Control-Allow-Origin","value":"*"},{"key":"Content-Type","value":"application/json; charset=utf-8"},{"key":"Content-Length","value":"84"},{"key":"ETag","value":"W/\"54-yOpw0D/ra5A5casgtxu9R1Zw2k4\""},{"key":"Date","value":"Sun, 02 May 2021 12:24:22 GMT"},{"key":"Connection","value":"keep-alive"},{"key":"Keep-Alive","value":"timeout=5"}],"cookie":[],"responseTime":null,"body":"{\n    \"headers\": {\n        \"success\": 1,\n        \"message\": \"Success\"\n    },\n    \"body\": {\n        \"genre_id\": 2,\n        \"genre\": \"Action\"\n    }\n}"}]},{"name":"Get All Movies For A Genre","id":"2dcf7bcb-56b6-45d6-af6c-91bc8875406b","protocolProfileBehavior":{"disableBodyPruning":true},"request":{"method":"GET","header":[],"url":{"raw":"{{prod_url}}/genres/id/5/movies","host":["{{prod_url}}"],"path":["genres","id","5","movies"]},"description":"# Get all movies for a genre #\n\n## Response ##\n------------\n - `genre_id`\n - `genre`\n - `movies` A list of movie details."},"response":[{"id":"f56a896a-5f91-4e18-aa8f-497859f0611d","name":"Mock Get All Movies For A Genre","originalRequest":{"method":"GET","header":[],"url":{"raw":"{{prod_url}}/genres/id/5/movies","host":["{{prod_url}}"],"path":["genres","id","5","movies"]}},"status":"OK","code":200,"_postman_previewlanguage":"json","header":[{"key":"Server","value":"Cowboy"},{"key":"Connection","value":"keep-alive"},{"key":"X-Powered-By","value":"Express"},{"key":"Access-Control-Allow-Origin","value":"*"},{"key":"Content-Type","value":"application/json; charset=utf-8"},{"key":"Content-Length","value":"689"},{"key":"Etag","value":"W/\"2b1-3JsKerLKopO0VhD498v5EvUX8b4\""},{"key":"Date","value":"Tue, 04 May 2021 00:05:04 GMT"},{"key":"Via","value":"1.1 vegur"}],"cookie":[],"responseTime":null,"body":"{\n    \"headers\": {\n        \"success\": 1,\n        \"message\": \"Success\"\n    },\n    \"body\": {\n        \"genre_id\": 5,\n        \"genre\": \"Drama\",\n        \"movies\": [\n            {\n                \"movie_id\": 1,\n                \"title\": \"GOOGLE\",\n                \"summary\": \"Fearsome bitches.\",\n                \"year\": 2012,\n                \"rating\": \"8.6\",\n                \"trailer_url\": \"https://www.youtube.com/watch?v=odM92ap8_c0\",\n                \"poster_url\": \"https://encrypted-tbn0.gstatic.com/images?q=tbn:ANd9GcSpMwciKW5gytHux-4a4B7e50sQCyvnix9C57mAGnY0DNX4-uGQ\",\n                \"movie_type\": \"now_showing\"\n            },\n            {\n                \"movie_id\": 28,\n                \"title\": \"JOKER 3\",\n                \"summary\": \"Fearsome lionness.\",\n                \"year\": 2022,\n                \"rating\": \"9.4\",\n                \"trailer_url\": \"https://www.youtube.com/watch?v=odM92ap8_c0\",\n                \"poster_url\": \"https://encrypted-tbn0.gstatic.com/images?q=tbn:ANd9GcSpMwciKW5gytHux-4a4B7e50sQCyvnix9C57mAGnY0DNX4-uGQ\",\n                \"movie_type\": \"coming_soon\"\n            }\n        ]\n    }\n}"}]},{"name":"Add A Genre","id":"419cba1f-877b-4ffc-a182-f269cad0b39a","protocolProfileBehavior":{"disableBodyPruning":true},"request":{"method":"POST","header":[],"body":{"mode":"raw","raw":"{\r\n    \"genre\":\"Crime\"\r\n}","options":{"raw":{"language":"json"}}},"url":{"raw":"{{prod_url}}/genres","host":["{{prod_url}}"],"path":["genres"]},"description":"# Add a new genre #\n\n## Response ##\n------------\n - `genre_id` New genre's id.\n - `affected_rows` Should be 1."},"response":[{"id":"17787086-33b7-4019-bf59-04c97b869d06","name":"Mock Add A Genre","originalRequest":{"method":"POST","header":[],"body":{"mode":"raw","raw":"{\r\n    \"genre\":\"Crime\"\r\n}","options":{"raw":{"language":"json"}}},"url":{"raw":"{{base_url}}/genres","host":["{{base_url}}"],"path":["genres"]}},"status":"Created","code":201,"_postman_previewlanguage":"json","header":[{"key":"X-Powered-By","value":"Express"},{"key":"Access-Control-Allow-Origin","value":"*"},{"key":"Content-Type","value":"application/json; charset=utf-8"},{"key":"Content-Length","value":"97"},{"key":"ETag","value":"W/\"61-JuSYCt2QVPamyIqLKZI+IC4z+Ow\""},{"key":"Date","value":"Sun, 02 May 2021 12:25:13 GMT"},{"key":"Connection","value":"keep-alive"},{"key":"Keep-Alive","value":"timeout=5"}],"cookie":[],"responseTime":null,"body":"{\n    \"headers\": {\n        \"success\": 1,\n        \"message\": \"Genre was created!\"\n    },\n    \"body\": {\n        \"genre_id\": 10,\n        \"affected_rows\": 1\n    }\n}"}]},{"name":"Update A Genre","id":"97a43cbf-df1d-4caa-984e-fdfa33e302ef","protocolProfileBehavior":{"disableBodyPruning":true},"request":{"method":"PATCH","header":[],"body":{"mode":"raw","raw":"{\r\n    \"genre\":\"Sci-Fi\"\r\n}","options":{"raw":{"language":"json"}}},"url":{"raw":"{{base_url}}/genres/id/10","host":["{{base_url}}"],"path":["genres","id","10"]},"description":"# Update details of a genre #\n## Response ##\n------------\n - None</ul>\n\n***Note*** : `message` header indicates result."},"response":[{"id":"47ec97ae-44e5-4123-ac7a-8917acf39827","name":"Mock Update A Genre","originalRequest":{"method":"PATCH","header":[],"body":{"mode":"raw","raw":"{\r\n    \"genre\":\"Sci-Fi\"\r\n}","options":{"raw":{"language":"json"}}},"url":{"raw":"{{base_url}}/genres/id/10","host":["{{base_url}}"],"path":["genres","id","10"]}},"status":"OK","code":200,"_postman_previewlanguage":"json","header":[{"key":"X-Powered-By","value":"Express"},{"key":"Access-Control-Allow-Origin","value":"*"},{"key":"Content-Type","value":"application/json; charset=utf-8"},{"key":"Content-Length","value":"114"},{"key":"ETag","value":"W/\"72-5tvxxPgRcwJdXBL6ePlv3MyZdKI\""},{"key":"Date","value":"Sun, 02 May 2021 12:31:19 GMT"},{"key":"Connection","value":"keep-alive"},{"key":"Keep-Alive","value":"timeout=5"}],"cookie":[],"responseTime":null,"body":"{\n    \"headers\": {\n        \"success\": 1,\n        \"message\": \"Genre updated successfully\"\n    },\n    \"body\": \"Rows matched: 1  Changed: 1  Warnings: 0\"\n}"}]},{"name":"Delete A Genre","id":"706e5681-bca5-400c-b42c-2ca545efc764","protocolProfileBehavior":{"disableBodyPruning":true},"request":{"method":"DELETE","header":[],"url":{"raw":"{{base_url}}/genres/id/9","host":["{{base_url}}"],"path":["genres","id","9"]},"description":"# Delete a genre #\n## Response ##\n------------\n - None</ul>\n\n***Note*** : `message` header indicates result."},"response":[]}],"auth":{"type":"bearer","bearer":[{"key":"token","value":"eyJhbGciOiJIUzI1NiIsInR5cCI6IkpXVCJ9.eyJ1c2VyX2lkIjoiMSIsImlhdCI6MTYyMjg0Njc4OCwiZXhwIjoxNjIyOTMzMTg4fQ.X-5wDGFA9wXwAhoZ7J5D3fiTEWEAkYKnJTdvl8pmLM4","type":"string"}]},"event":[{"listen":"prerequest","script":{"id":"ec4b5083-88c6-437c-a103-5870d473d6a6","type":"text/javascript","exec":[""]}},{"listen":"test","script":{"id":"2b6a5804-f176-46d1-835b-3fbd830821ed","type":"text/javascript","exec":[""]}}]}