{"info":{"_postman_id":"d01f0784-143a-41c8-86b1-82152673728e","name":"roles","description":"A collection with requests for `/roles` endpoint.","schema":"https://schema.getpostman.com/json/collection/v2.1.0/collection.json"},"item":[{"name":"Get All Roles","id":"ee1f175d-9a66-4137-97c6-423e60a3bac3","protocolProfileBehavior":{"disableBodyPruning":true},"request":{"method":"GET","header":[],"url":{"raw":"{{prod_url}}/roles","host":["{{prod_url}}"],"path":["roles"]},"description":"# Get all roles #\n\n## Response ##\n------------\nList of role details where each list item contains:\n - `role_id`\n - `full_name`\n - `age`\n - `picture_url`"},"response":[{"id":"5ad65af7-b028-42c4-bd31-1c5c0e291162","name":"Mock Get All Roles","originalRequest":{"method":"GET","header":[],"url":{"raw":"{{base_url}}/roles","host":["{{base_url}}"],"path":["roles"]}},"status":"OK","code":200,"_postman_previewlanguage":"json","header":[{"key":"X-Powered-By","value":"Express"},{"key":"Access-Control-Allow-Origin","value":"*"},{"key":"Content-Type","value":"application/json; charset=utf-8"},{"key":"Content-Length","value":"4404"},{"key":"ETag","value":"W/\"1134-O0kDuMW2kgdHEBGh0Ev9o2cEtkE\""},{"key":"Date","value":"Thu, 11 Mar 2021 13:00:09 GMT"},{"key":"Connection","value":"keep-alive"}],"cookie":[],"responseTime":null,"body":"{\n    \"headers\": {\n        \"success\": 1,\n        \"message\": \"Success\"\n    },\n    \"body\": [\n        {\n            \"role_id\": 1,\n            \"full_name\": \"Mrs. Lady\",\n            \"age\": 29,\n            \"picture_url\": \"https://www.biography.com/.image/t_share/MTE5NTU2MzE2Mzg0MTY3NDM1/quentin-tarantino-9502086-1-402.jpg\"\n        },\n        {\n            \"role_id\": 2,\n            \"full_name\": \"Mrs. Women\",\n            \"age\": 29,\n            \"picture_url\": \"https://www.biography.com/.image/t_share/MTE5NTU2MzE2Mzg0MTY3NDM1/quentin-tarantino-9502086-1-402.jpg\"\n        },\n        {\n            \"role_id\": 3,\n            \"full_name\": \"Mr. Guy\",\n            \"age\": 36,\n            \"picture_url\": \"https://www.biography.com/.image/t_share/MTE5NTU2MzE2Mzg0MTY3NDM1/quentin-tarantino-9502086-1-402.jpg\"\n        }\n    ]\n}"}]},{"name":"Get Role By Id","id":"acb43c0a-91d1-44ef-a48e-aec61f1bdf0a","protocolProfileBehavior":{"disableBodyPruning":true},"request":{"method":"GET","header":[],"url":{"raw":"{{base_url}}/roles/id/2","host":["{{base_url}}"],"path":["roles","id","2"]},"description":"# Get a role by id #\n\n## Response ##\n------------\n - `role_id`\n - `full_name`\n - `age`\n - `picture_url`"},"response":[{"id":"1503fd9f-bd22-490b-943a-ec3b169dec3d","name":"Mock Get Role By Id","originalRequest":{"method":"GET","header":[],"url":{"raw":"{{base_url}}/roles/id/2","host":["{{base_url}}"],"path":["roles","id","2"]}},"status":"OK","code":200,"_postman_previewlanguage":"json","header":[{"key":"X-Powered-By","value":"Express"},{"key":"Access-Control-Allow-Origin","value":"*"},{"key":"Content-Type","value":"application/json; charset=utf-8"},{"key":"Content-Length","value":"1506"},{"key":"ETag","value":"W/\"5e2-4iQZVOrtO3O55IbuCSgmPnI4jsE\""},{"key":"Date","value":"Thu, 11 Mar 2021 13:00:19 GMT"},{"key":"Connection","value":"keep-alive"}],"cookie":[],"responseTime":null,"body":"{\n    \"headers\": {\n        \"success\": 1,\n        \"message\": \"Success\"\n    },\n    \"body\": {\n        \"role_id\": 2,\n        \"full_name\": \"Mrs. Women\",\n        \"age\": 29,\n        \"picture_url\": \"https://www.biography.com/.image/t_share/MTE5NTU2MzE2Mzg0MTY3NDM1/quentin-tarantino-9502086-1-402.jpg\"\n    }\n}"}]},{"name":"Get All Movies For A Role","id":"8e8c2262-550d-4a00-978e-fbd1f39cbeae","protocolProfileBehavior":{"disableBodyPruning":true},"request":{"method":"GET","header":[],"url":{"raw":"{{base_url}}/roles/id/2/movies","host":["{{base_url}}"],"path":["roles","id","2","movies"]},"description":"# Get all movies for a role #\n\n## Response ##\n------------\n - `role_id`\n - `full_name`\n - `age`\n - `picture_url`\n - `movies` A list of movie details."},"response":[{"id":"1f558490-c938-4547-a8d9-63520cee3a84","name":"Mock Get All Movies For A Role","originalRequest":{"method":"GET","header":[],"url":{"raw":"{{base_url}}/roles/id/2/movies","host":["{{base_url}}"],"path":["roles","id","2","movies"]}},"status":"OK","code":200,"_postman_previewlanguage":"json","header":[{"key":"X-Powered-By","value":"Express"},{"key":"Access-Control-Allow-Origin","value":"*"},{"key":"Content-Type","value":"application/json; charset=utf-8"},{"key":"Content-Length","value":"1331"},{"key":"ETag","value":"W/\"533-P3CHx2/pUug2Y20bAxvgYx+iD00\""},{"key":"Date","value":"Thu, 11 Mar 2021 13:00:31 GMT"},{"key":"Connection","value":"keep-alive"}],"cookie":[],"responseTime":null,"body":"{\n    \"headers\": {\n        \"success\": 1,\n        \"message\": \"Success\"\n    },\n    \"body\": {\n        \"role_id\": 2,\n        \"full_name\": \"Mrs. Women\",\n        \"age\": 29,\n        \"picture_url\": \"https://www.biography.com/.image/t_share/MTE5NTU2MzE2Mzg0MTY3NDM1/quentin-tarantino-9502086-1-402.jpg\",\n        \"movies\": [\n            {\n                \"movie_id\": 1,\n                \"role_type\": \"cast\",\n                \"title\": \"GOOGLE\",\n                \"summary\": \"Fearsome bitches.\",\n                \"year\": 2012,\n                \"rating\": \"8.6\",\n                \"trailer_url\": \"https://www.youtube.com/watch?v=odM92ap8_c0\",\n                \"poster_url\": \"https://encrypted-tbn0.gstatic.com/images?q=tbn:ANd9GcSpMwciKW5gytHux-4a4B7e50sQCyvnix9C57mAGnY0DNX4-uGQ\",\n                \"movie_type\": \"now_showing\"\n            },\n            {\n                \"movie_id\": 4,\n                \"role_type\": \"director\",\n                \"title\": \"FACEBOOK\",\n                \"summary\": \"Fearsome bitches.\",\n                \"year\": 2020,\n                \"rating\": \"8.1\",\n                \"trailer_url\": \"https://www.youtube.com/watch?v=odM92ap8_c0\",\n                \"poster_url\": \"https://encrypted-tbn0.gstatic.com/images?q=tbn:ANd9GcSpMwciKW5gytHux-4a4B7e50sQCyvnix9C57mAGnY0DNX4-uGQ\",\n                \"movie_type\": \"now_showing\"\n            },\n            {\n                \"movie_id\": 7,\n                \"role_type\": \"director\",\n                \"title\": \"APPLE\",\n                \"summary\": \"Fearsome bitches.\",\n                \"year\": 2020,\n                \"rating\": \"7.6\",\n                \"trailer_url\": \"https://www.youtube.com/watch?v=odM92ap8_c0\",\n                \"poster_url\": \"https://encrypted-tbn0.gstatic.com/images?q=tbn:ANd9GcSpMwciKW5gytHux-4a4B7e50sQCyvnix9C57mAGnY0DNX4-uGQ\",\n                \"movie_type\": \"now_showing\"\n            },\n            {\n                \"movie_id\": 12,\n                \"role_type\": \"director\",\n                \"title\": \"LIONNESS\",\n                \"summary\": \"Fearsome lionness.\",\n                \"year\": 2021,\n                \"rating\": null,\n                \"trailer_url\": \"https://www.youtube.com/watch?v=odM92ap8_c0\",\n                \"poster_url\": \"https://encrypted-tbn0.gstatic.com/images?q=tbn:ANd9GcSpMwciKW5gytHux-4a4B7e50sQCyvnix9C57mAGnY0DNX4-uGQ\",\n                \"movie_type\": \"coming_soon\"\n            },\n            {\n                \"movie_id\": 14,\n                \"role_type\": \"director\",\n                \"title\": \"JOKER\",\n                \"summary\": \"Fearsome lionness.\",\n                \"year\": 2022,\n                \"rating\": \"9.2\",\n                \"trailer_url\": \"https://www.youtube.com/watch?v=odM92ap8_c0\",\n                \"poster_url\": \"https://encrypted-tbn0.gstatic.com/images?q=tbn:ANd9GcSpMwciKW5gytHux-4a4B7e50sQCyvnix9C57mAGnY0DNX4-uGQ\",\n                \"movie_type\": \"coming_soon\"\n            },\n            {\n                \"movie_id\": 16,\n                \"role_type\": \"director\",\n                \"title\": \"JOKER2\",\n                \"summary\": \"Fearsome lionness.\",\n                \"year\": 2022,\n                \"rating\": null,\n                \"trailer_url\": \"https://www.youtube.com/watch?v=odM92ap8_c0\",\n                \"poster_url\": \"https://encrypted-tbn0.gstatic.com/images?q=tbn:ANd9GcSpMwciKW5gytHux-4a4B7e50sQCyvnix9C57mAGnY0DNX4-uGQ\",\n                \"movie_type\": \"coming_soon\"\n            }\n        ]\n    }\n}"}]},{"name":"Add A Role","id":"7e7687c2-8d94-404f-be67-e9c0edfa02c8","protocolProfileBehavior":{"disableBodyPruning":true},"request":{"method":"POST","header":[],"body":{"mode":"raw","raw":"{\r\n    \"full_name\": \"Mary Parent\",\r\n    \"age\":53,\r\n    \"picture_url\":\"https://encrypted-tbn2.gstatic.com/images?q=tbn:ANd9GcTai8Ehm5_kioXJMqPfvIoFx8QwIOYsyoqUhFT0Im6FiIL1_mI_\"\r\n}","options":{"raw":{"language":"json"}}},"url":{"raw":"{{prod_url}}/roles","host":["{{prod_url}}"],"path":["roles"]},"description":"# Add a new role #\n------------\nThese parameters have special rules:\n### Picture Url ###\n - Be a valid url.\n------------\n## Response ##\n------------\n - `role_id` New role's id.\n - `affected_rows` Should be 1."},"response":[]}],"auth":{"type":"bearer","bearer":[{"key":"token","value":"eyJhbGciOiJIUzI1NiIsInR5cCI6IkpXVCJ9.eyJ1c2VyX2lkIjoiMSIsImlhdCI6MTYyMjg0Njc4OCwiZXhwIjoxNjIyOTMzMTg4fQ.X-5wDGFA9wXwAhoZ7J5D3fiTEWEAkYKnJTdvl8pmLM4","type":"string"}]},"event":[{"listen":"prerequest","script":{"id":"6c06c4a0-eadd-4767-af0a-c1217c4fea1b","type":"text/javascript","exec":[""]}},{"listen":"test","script":{"id":"cd7e543b-5a43-4276-80ac-63ed7b7ef37e","type":"text/javascript","exec":[""]}}]}