{"info":{"_postman_id":"4160bdb6-56cd-4626-a22b-8f247d90efa5","name":"theaters","schema":"https://schema.getpostman.com/json/collection/v2.1.0/collection.json"},"item":[{"name":"Get All Theaters","id":"62139ce7-de41-49b5-911a-2155f52eb668","protocolProfileBehavior":{"disableBodyPruning":true},"request":{"method":"GET","header":[],"url":{"raw":"{{base_url}}/theaters","host":["{{base_url}}"],"path":["theaters"]}},"response":[{"id":"dee1b4ee-31a6-46c0-9caf-236bd8594ae3","name":"Mock Get All Theaters","originalRequest":{"method":"GET","header":[],"url":{"raw":"{{base_url}}/theaters","host":["{{base_url}}"],"path":["theaters"]}},"status":"OK","code":200,"_postman_previewlanguage":"json","header":[{"key":"X-Powered-By","value":"Express"},{"key":"Access-Control-Allow-Origin","value":"*"},{"key":"Content-Type","value":"application/json; charset=utf-8"},{"key":"Content-Length","value":"886"},{"key":"ETag","value":"W/\"376-stFg/joSIWyyegomY+cuD5Nr1Wk\""},{"key":"Date","value":"Thu, 11 Mar 2021 13:02:09 GMT"},{"key":"Connection","value":"keep-alive"}],"cookie":[],"responseTime":null,"body":"{\n    \"headers\": {\n        \"success\": 1,\n        \"message\": \"Success\"\n    },\n    \"body\": [\n        {\n            \"theater_id\": 15,\n            \"theater_name\": \"C\",\n            \"num_of_rows\": 10,\n            \"seats_per_row\": 20,\n            \"theater_type\": \"normal\",\n            \"missing\": [\n                {\n                    \"seat_row\": \"A\",\n                    \"seat_number\": 11\n                },\n                {\n                    \"seat_row\": \"B\",\n                    \"seat_number\": 0\n                }\n            ],\n            \"blocked\": [\n                {\n                    \"seat_row\": \"C\",\n                    \"seat_number\": 23\n                },\n                {\n                    \"seat_row\": \"C\",\n                    \"seat_number\": 22\n                },\n                {\n                    \"seat_row\": \"D\",\n                    \"seat_number\": 23\n                },\n                {\n                    \"seat_row\": \"D\",\n                    \"seat_number\": 22\n                }\n            ]\n        },\n        {\n            \"theater_id\": 16,\n            \"theater_name\": \"D\",\n            \"num_of_rows\": 5,\n            \"seats_per_row\": 5,\n            \"theater_type\": \"royal\",\n            \"missing\": [\n                {\n                    \"seat_row\": \"A\",\n                    \"seat_number\": 11\n                },\n                {\n                    \"seat_row\": \"B\",\n                    \"seat_number\": 11\n                },\n                {\n                    \"seat_row\": \"C\",\n                    \"seat_number\": 11\n                },\n                {\n                    \"seat_row\": \"D\",\n                    \"seat_number\": 11\n                }\n            ],\n            \"blocked\": []\n        },\n        {\n            \"theater_id\": 22,\n            \"theater_name\": \"E\",\n            \"num_of_rows\": 10,\n            \"seats_per_row\": 2,\n            \"theater_type\": \"normal\",\n            \"missing\": [],\n            \"blocked\": [\n                {\n                    \"seat_row\": \"A\",\n                    \"seat_number\": 1\n                },\n                {\n                    \"seat_row\": \"B\",\n                    \"seat_number\": 2\n                },\n                {\n                    \"seat_row\": \"C\",\n                    \"seat_number\": 1\n                },\n                {\n                    \"seat_row\": \"D\",\n                    \"seat_number\": 2\n                }\n            ]\n        }\n    ]\n}"}]},{"name":"Get Theater By Id","id":"e73ceaa1-d7c6-471f-8461-b12dd36e38d3","protocolProfileBehavior":{"disableBodyPruning":true},"request":{"method":"GET","header":[],"url":{"raw":"{{base_url}}/theaters/id/16","host":["{{base_url}}"],"path":["theaters","id","16"]}},"response":[{"id":"9c868322-e085-4374-aae3-d3d80190b1ab","name":"Mock Get Theater By Id","originalRequest":{"method":"GET","header":[],"url":{"raw":"{{base_url}}/theaters/id/16","host":["{{base_url}}"],"path":["theaters","id","16"]}},"status":"OK","code":200,"_postman_previewlanguage":"json","header":[{"key":"X-Powered-By","value":"Express"},{"key":"Access-Control-Allow-Origin","value":"*"},{"key":"Content-Type","value":"application/json; charset=utf-8"},{"key":"Content-Length","value":"307"},{"key":"ETag","value":"W/\"133-tcsGEu8jwj1/8MVQnYHdHEUa0lQ\""},{"key":"Date","value":"Thu, 11 Mar 2021 13:02:26 GMT"},{"key":"Connection","value":"keep-alive"}],"cookie":[],"responseTime":null,"body":"{\n    \"headers\": {\n        \"success\": 1,\n        \"message\": \"Success\"\n    },\n    \"body\": {\n        \"theater_id\": 16,\n        \"theater_name\": \"D\",\n        \"num_of_rows\": 5,\n        \"seats_per_row\": 5,\n        \"theater_type\": \"royal\",\n        \"missing\": [\n            {\n                \"seat_row\": \"A\",\n                \"seat_number\": 11\n            },\n            {\n                \"seat_row\": \"B\",\n                \"seat_number\": 11\n            },\n            {\n                \"seat_row\": \"C\",\n                \"seat_number\": 11\n            },\n            {\n                \"seat_row\": \"D\",\n                \"seat_number\": 11\n            }\n        ],\n        \"blocked\": []\n    }\n}"}]},{"name":"Add a theater","id":"d0647388-88af-47c3-bb3e-f0a8c228cce6","protocolProfileBehavior":{"disableBodyPruning":true},"request":{"method":"POST","header":[],"body":{"mode":"raw","raw":"{\r\n    \"theater_name\":\"E\",\r\n    \"seats_per_row\":2,\r\n    \"num_of_rows\":10,\r\n    \"theater_type\":\"normal\",\r\n    \"blocked\":[\"A-1\",\"B-2\",\"C-1\",\"D-2\"]\r\n}","options":{"raw":{"language":"json"}}},"url":{"raw":"{{base_url}}/theaters","host":["{{base_url}}"],"path":["theaters"]}},"response":[]},{"name":"Update a theater","id":"202ca1d6-9f97-4cb7-87c4-f4a040a04461","protocolProfileBehavior":{"disableBodyPruning":true},"request":{"method":"PATCH","header":[],"body":{"mode":"raw","raw":"{\r\n    \"theater_type\":\"royal\"\r\n}","options":{"raw":{"language":"json"}}},"url":{"raw":"{{base_url}}/theaters/id/16","host":["{{base_url}}"],"path":["theaters","id","16"]}},"response":[]}],"auth":{"type":"bearer","bearer":[{"key":"token","value":"eyJhbGciOiJIUzI1NiIsInR5cCI6IkpXVCJ9.eyJ1c2VyX2lkIjoiMSIsImlhdCI6MTYxNTQ2Mzk2MCwiZXhwIjoxNjE1NTUwMzYwfQ.JcZyZpeqnRK5N6DOMOTteOf0tTLLEShKCWaCwi_NR3Q","type":"string"}]},"event":[{"listen":"prerequest","script":{"id":"409ddadc-08bd-4a73-a3b8-fbf2b8ee35a0","type":"text/javascript","exec":[""]}},{"listen":"test","script":{"id":"9033be73-6382-44ae-b110-26be0d02b1e9","type":"text/javascript","exec":[""]}}]}