{"info":{"_postman_id":"5cf4ae57-176f-4791-a809-b357fdddb42b","name":"movies","schema":"https://schema.getpostman.com/json/collection/v2.1.0/collection.json"},"item":[{"name":"Get All Movies","id":"9bdb0aa6-be31-43a1-a776-d2723ca9eb6c","protocolProfileBehavior":{"disableBodyPruning":true},"request":{"method":"GET","header":[],"url":{"raw":"{{base_url}}/movies","host":["{{base_url}}"],"path":["movies"]}},"response":[{"id":"75a0a6e6-2e98-4a46-8dbe-8a8b20037e5b","name":"Mock Get All Movies","originalRequest":{"method":"GET","header":[],"url":{"raw":"{{base_url}}/movies","host":["{{base_url}}"],"path":["movies"]}},"status":"OK","code":200,"_postman_previewlanguage":"json","header":[{"key":"X-Powered-By","value":"Express"},{"key":"Access-Control-Allow-Origin","value":"*"},{"key":"Content-Type","value":"application/json; charset=utf-8"},{"key":"Content-Length","value":"1243"},{"key":"ETag","value":"W/\"4db-UjNYJWCUz9cAZaLUnfwmPtD5KNw\""},{"key":"Date","value":"Sun, 04 Apr 2021 16:00:16 GMT"},{"key":"Connection","value":"keep-alive"}],"cookie":[],"responseTime":null,"body":"{\n    \"headers\": {\n        \"success\": 1,\n        \"message\": \"Success\"\n    },\n    \"body\": [\n        {\n            \"movie_id\": 1,\n            \"title\": \"GOOGLE\",\n            \"summary\": \"Fearsome bitches.\",\n            \"year\": 2012,\n            \"rating\": \"0.9\",\n            \"trailer_url\": \"https://www.youtube.com/watch?v=odM92ap8_c0\",\n            \"poster_url\": \"https://encrypted-tbn0.gstatic.com/images?q=tbn:ANd9GcSpMwciKW5gytHux-4a4B7e50sQCyvnix9C57mAGnY0DNX4-uGQ\",\n            \"movie_type\": \"now_showing\"\n        },\n        {\n            \"movie_id\": 4,\n            \"title\": \"FACEBOOK\",\n            \"summary\": \"Fearsome bitches.\",\n            \"year\": 2020,\n            \"rating\": \"0.9\",\n            \"trailer_url\": \"https://www.youtube.com/watch?v=odM92ap8_c0\",\n            \"poster_url\": \"https://encrypted-tbn0.gstatic.com/images?q=tbn:ANd9GcSpMwciKW5gytHux-4a4B7e50sQCyvnix9C57mAGnY0DNX4-uGQ\",\n            \"movie_type\": \"now_showing\"\n        },\n        {\n            \"movie_id\": 7,\n            \"title\": \"APPLE\",\n            \"summary\": \"Fearsome bitches.\",\n            \"year\": 2020,\n            \"rating\": \"0.9\",\n            \"trailer_url\": \"https://www.youtube.com/watch?v=odM92ap8_c0\",\n            \"poster_url\": \"https://encrypted-tbn0.gstatic.com/images?q=tbn:ANd9GcSpMwciKW5gytHux-4a4B7e50sQCyvnix9C57mAGnY0DNX4-uGQ\",\n            \"movie_type\": \"now_showing\"\n        },\n        {\n            \"movie_id\": 12,\n            \"title\": \"LIONNESS\",\n            \"summary\": \"Fearsome lionness.\",\n            \"year\": 2021,\n            \"rating\": \"0.9\",\n            \"trailer_url\": \"https://www.youtube.com/watch?v=odM92ap8_c0\",\n            \"poster_url\": \"https://encrypted-tbn0.gstatic.com/images?q=tbn:ANd9GcSpMwciKW5gytHux-4a4B7e50sQCyvnix9C57mAGnY0DNX4-uGQ\",\n            \"movie_type\": \"coming_soon\"\n        }\n    ]\n}"}]},{"name":"Add A Movie","id":"c1968928-1bb1-436e-8464-00273e8a502a","protocolProfileBehavior":{"disableBodyPruning":true},"request":{"method":"POST","header":[],"body":{"mode":"raw","raw":"{\r\n    \"title\": \"LIONNESS\",\r\n    \"year\": \"2021\",\r\n    \"summary\": \"Fearsome lionness.\",\r\n    \"trailer_url\": \"https://www.youtube.com/watch?v=odM92ap8_c0\",\r\n    \"poster_url\": \"https://encrypted-tbn0.gstatic.com/images?q=tbn:ANd9GcSpMwciKW5gytHux-4a4B7e50sQCyvnix9C57mAGnY0DNX4-uGQ\",\r\n    \"rating\":8.4,\r\n    \"roles\":[\r\n        {\"role_id\":\"2\",\"role_type\":\"director\"},\r\n        {\"role_id\":\"1\",\"role_type\":\"producer\"},\r\n        {\"role_id\":\"3\",\"role_type\":\"cast\"}\r\n    ],\r\n    \"movie_type\": \"coming_soon\"\r\n}","options":{"raw":{"language":"json"}}},"url":{"raw":"{{base_url}}/movies","host":["{{base_url}}"],"path":["movies"]}},"response":[{"id":"8940efb4-20ba-487f-8ca7-efe16a4e1ec7","name":"Mock Add A Movie","originalRequest":{"method":"POST","header":[],"body":{"mode":"raw","raw":"{\r\n    \"title\": \"LIONNESS\",\r\n    \"year\": \"2021\",\r\n    \"summary\": \"Fearsome lionness.\",\r\n    \"trailer_url\": \"https://www.youtube.com/watch?v=odM92ap8_c0\",\r\n    \"poster_url\": \"https://encrypted-tbn0.gstatic.com/images?q=tbn:ANd9GcSpMwciKW5gytHux-4a4B7e50sQCyvnix9C57mAGnY0DNX4-uGQ\",\r\n    \"rating\":8.4,\r\n    \"roles\":[\r\n        {\"role_id\":\"2\",\"role_type\":\"director\"},\r\n        {\"role_id\":\"1\",\"role_type\":\"producer\"},\r\n        {\"role_id\":\"3\",\"role_type\":\"cast\"}\r\n    ],\r\n    \"movie_type\": \"coming_soon\"\r\n}","options":{"raw":{"language":"json"}}},"url":{"raw":"{{base_url}}/movies","host":["{{base_url}}"],"path":["movies"]}},"status":"Created","code":201,"_postman_previewlanguage":"json","header":[{"key":"X-Powered-By","value":"Express"},{"key":"Access-Control-Allow-Origin","value":"*"},{"key":"Content-Type","value":"application/json; charset=utf-8"},{"key":"Content-Length","value":"97"},{"key":"ETag","value":"W/\"61-1MSeTBzPyMnm3XgoIFrj16U2J9I\""},{"key":"Date","value":"Thu, 11 Mar 2021 12:12:04 GMT"},{"key":"Connection","value":"keep-alive"}],"cookie":[],"responseTime":null,"body":"{\n    \"headers\": {\n        \"success\": 1,\n        \"message\": \"Movie was created!\"\n    },\n    \"body\": {\n        \"movie_id\": 12,\n        \"affected_rows\": 1\n    }\n}"}]},{"name":"Get Movie By Id","id":"a2eaec66-c993-424d-881f-a9a10a8f36ed","protocolProfileBehavior":{"disableBodyPruning":true},"request":{"method":"GET","header":[],"url":{"raw":"{{base_url}}/movies/id/1","host":["{{base_url}}"],"path":["movies","id","1"]}},"response":[{"id":"60ef2555-1c52-4991-a829-df8d5daad6f1","name":"Mock Get Movie By Id","originalRequest":{"method":"GET","header":[],"url":{"raw":"{{base_url}}/movies/id/1","host":["{{base_url}}"],"path":["movies","id","1"]}},"status":"OK","code":200,"_postman_previewlanguage":"json","header":[{"key":"X-Powered-By","value":"Express"},{"key":"Access-Control-Allow-Origin","value":"*"},{"key":"Content-Type","value":"application/json; charset=utf-8"},{"key":"Content-Length","value":"913"},{"key":"ETag","value":"W/\"391-M5Vlrs8rzDC6yUVCmNRS7hPX8A0\""},{"key":"Date","value":"Thu, 11 Mar 2021 12:12:18 GMT"},{"key":"Connection","value":"keep-alive"}],"cookie":[],"responseTime":null,"body":"{\n    \"headers\": {\n        \"success\": 1,\n        \"message\": \"Success\"\n    },\n    \"body\": {\n        \"movie_id\": 1,\n        \"title\": \"GOOGLE\",\n        \"summary\": \"Fearsome bitches.\",\n        \"year\": 2012,\n        \"rating\": \"0.9\",\n        \"trailer_url\": \"https://www.youtube.com/watch?v=odM92ap8_c0\",\n        \"poster_url\": \"https://encrypted-tbn0.gstatic.com/images?q=tbn:ANd9GcSpMwciKW5gytHux-4a4B7e50sQCyvnix9C57mAGnY0DNX4-uGQ\",\n        \"movie_type\": \"now_showing\",\n        \"roles\": [\n            {\n                \"role_id\": 1,\n                \"full_name\": \"Mrs. Lady\",\n                \"age\": 29,\n                \"picture_url\": \"https://www.biography.com/.image/t_share/MTE5NTU2MzE2Mzg0MTY3NDM1/quentin-tarantino-9502086-1-402.jpg\",\n                \"role_type\": \"director\"\n            },\n            {\n                \"role_id\": 2,\n                \"full_name\": \"Mrs. Women\",\n                \"age\": 29,\n                \"picture_url\": \"https://www.biography.com/.image/t_share/MTE5NTU2MzE2Mzg0MTY3NDM1/quentin-tarantino-9502086-1-402.jpg\",\n                \"role_type\": \"cast\"\n            },\n            {\n                \"role_id\": 3,\n                \"full_name\": \"Mr. Guy\",\n                \"age\": 36,\n                \"picture_url\": \"https://www.biography.com/.image/t_share/MTE5NTU2MzE2Mzg0MTY3NDM1/quentin-tarantino-9502086-1-402.jpg\",\n                \"role_type\": \"cast\"\n            }\n        ]\n    }\n}"}]},{"name":"Get Filtered Movies","id":"2fd5bb94-53c7-452a-8911-c6e99edd6471","protocolProfileBehavior":{"disableBodyPruning":true},"request":{"method":"GET","header":[],"url":{"raw":"{{base_url}}/movies?movie_type=now_showing","host":["{{base_url}}"],"path":["movies"],"query":[{"key":"movie_type","value":"now_showing"}]}},"response":[{"id":"fb45d625-a086-451c-a3f3-9551151b23df","name":"Mock Get Filtered Movies","originalRequest":{"method":"GET","header":[],"url":{"raw":"{{base_url}}/movies?movie_type=now_showing","host":["{{base_url}}"],"path":["movies"],"query":[{"key":"movie_type","value":"now_showing"}]}},"status":"OK","code":200,"_postman_previewlanguage":"json","header":[{"key":"X-Powered-By","value":"Express"},{"key":"Access-Control-Allow-Origin","value":"*"},{"key":"Content-Type","value":"application/json; charset=utf-8"},{"key":"Content-Length","value":"943"},{"key":"ETag","value":"W/\"3af-8EXqcavszVC9IJJeE6Ma++K7nzM\""},{"key":"Date","value":"Sun, 04 Apr 2021 16:01:06 GMT"},{"key":"Connection","value":"keep-alive"}],"cookie":[],"responseTime":null,"body":"{\n    \"headers\": {\n        \"success\": 1,\n        \"message\": \"Success\"\n    },\n    \"body\": [\n        {\n            \"movie_id\": 1,\n            \"title\": \"GOOGLE\",\n            \"summary\": \"Fearsome bitches.\",\n            \"year\": 2012,\n            \"rating\": \"0.9\",\n            \"trailer_url\": \"https://www.youtube.com/watch?v=odM92ap8_c0\",\n            \"poster_url\": \"https://encrypted-tbn0.gstatic.com/images?q=tbn:ANd9GcSpMwciKW5gytHux-4a4B7e50sQCyvnix9C57mAGnY0DNX4-uGQ\",\n            \"movie_type\": \"now_showing\"\n        },\n        {\n            \"movie_id\": 4,\n            \"title\": \"FACEBOOK\",\n            \"summary\": \"Fearsome bitches.\",\n            \"year\": 2020,\n            \"rating\": \"0.9\",\n            \"trailer_url\": \"https://www.youtube.com/watch?v=odM92ap8_c0\",\n            \"poster_url\": \"https://encrypted-tbn0.gstatic.com/images?q=tbn:ANd9GcSpMwciKW5gytHux-4a4B7e50sQCyvnix9C57mAGnY0DNX4-uGQ\",\n            \"movie_type\": \"now_showing\"\n        },\n        {\n            \"movie_id\": 7,\n            \"title\": \"APPLE\",\n            \"summary\": \"Fearsome bitches.\",\n            \"year\": 2020,\n            \"rating\": \"0.9\",\n            \"trailer_url\": \"https://www.youtube.com/watch?v=odM92ap8_c0\",\n            \"poster_url\": \"https://encrypted-tbn0.gstatic.com/images?q=tbn:ANd9GcSpMwciKW5gytHux-4a4B7e50sQCyvnix9C57mAGnY0DNX4-uGQ\",\n            \"movie_type\": \"now_showing\"\n        }\n    ]\n}"}]},{"name":"Update A Movie","id":"2f460aae-6034-4a50-920f-6fe757c2e386","protocolProfileBehavior":{"disableBodyPruning":true},"request":{"method":"PATCH","header":[],"body":{"mode":"raw","raw":"{\r\n    \"movie_type\": \"now_showing\"\r\n}","options":{"raw":{"language":"json"}}},"url":{"raw":"{{base_url}}/movies/id/4","host":["{{base_url}}"],"path":["movies","id","4"]}},"response":[{"id":"d63baad5-4678-491f-9ec8-760ceb1e0938","name":"Mock Update A Movie","originalRequest":{"method":"PATCH","header":[],"body":{"mode":"raw","raw":"{\r\n    \"movie_type\": \"now_showing\"\r\n}","options":{"raw":{"language":"json"}}},"url":{"raw":"{{base_url}}/movies/id/4","host":["{{base_url}}"],"path":["movies","id","4"]}},"status":"OK","code":200,"_postman_previewlanguage":"json","header":[{"key":"X-Powered-By","value":"Express"},{"key":"Access-Control-Allow-Origin","value":"*"},{"key":"Content-Type","value":"application/json; charset=utf-8"},{"key":"Content-Length","value":"114"},{"key":"ETag","value":"W/\"72-TcOMRvnhMjXd2s49iEWIyzv2C3M\""},{"key":"Date","value":"Thu, 11 Mar 2021 14:33:01 GMT"},{"key":"Connection","value":"keep-alive"}],"cookie":[],"responseTime":null,"body":"{\n    \"headers\": {\n        \"success\": 1,\n        \"message\": \"Movie updated successfully\"\n    },\n    \"body\": \"Rows matched: 1  Changed: 1  Warnings: 0\"\n}"}]},{"name":"Get All Roles For A Movie","id":"c226cbb5-c6b3-47fa-b2b1-affffb7f8397","protocolProfileBehavior":{"disableBodyPruning":true},"request":{"method":"GET","header":[],"url":{"raw":"{{base_url}}/movies/id/4/roles","host":["{{base_url}}"],"path":["movies","id","4","roles"]}},"response":[{"id":"99744741-7ff4-4a77-b3ca-1d009db59ddd","name":"Mock Get All Roles For A Movie","originalRequest":{"method":"GET","header":[],"url":{"raw":"{{base_url}}/movies/id/4/roles","host":["{{base_url}}"],"path":["movies","id","4","roles"]}},"status":"OK","code":200,"_postman_previewlanguage":"json","header":[{"key":"X-Powered-By","value":"Express"},{"key":"Access-Control-Allow-Origin","value":"*"},{"key":"Content-Type","value":"application/json; charset=utf-8"},{"key":"Content-Length","value":"613"},{"key":"ETag","value":"W/\"265-WD0Pt45zCJYbFoQnOyDt4u6GMDA\""},{"key":"Date","value":"Thu, 11 Mar 2021 12:39:09 GMT"},{"key":"Connection","value":"keep-alive"}],"cookie":[],"responseTime":null,"body":"{\n    \"headers\": {\n        \"success\": 1,\n        \"message\": \"Success\"\n    },\n    \"body\": [\n        {\n            \"role_id\": 1,\n            \"full_name\": \"Mrs. Lady\",\n            \"age\": 29,\n            \"picture_url\": \"https://www.biography.com/.image/t_share/MTE5NTU2MzE2Mzg0MTY3NDM1/quentin-tarantino-9502086-1-402.jpg\",\n            \"role_type\": \"producer\"\n        },\n        {\n            \"role_id\": 2,\n            \"full_name\": \"Mrs. Women\",\n            \"age\": 29,\n            \"picture_url\": \"https://www.biography.com/.image/t_share/MTE5NTU2MzE2Mzg0MTY3NDM1/quentin-tarantino-9502086-1-402.jpg\",\n            \"role_type\": \"director\"\n        },\n        {\n            \"role_id\": 3,\n            \"full_name\": \"Mr. Guy\",\n            \"age\": 36,\n            \"picture_url\": \"https://www.biography.com/.image/t_share/MTE5NTU2MzE2Mzg0MTY3NDM1/quentin-tarantino-9502086-1-402.jpg\",\n            \"role_type\": \"cast\"\n        }\n    ]\n}"}]}],"auth":{"type":"bearer","bearer":[{"key":"token","value":"eyJhbGciOiJIUzI1NiIsInR5cCI6IkpXVCJ9.eyJ1c2VyX2lkIjoiMSIsImlhdCI6MTYxNzU1MDQxMSwiZXhwIjoxNjE3NjM2ODExfQ.arda55x6Ck9YZFYu1GOysmskfa2S2_tF_EZsqFpGFvU","type":"string"}]},"event":[{"listen":"prerequest","script":{"id":"c847a419-80fe-4ced-9d7a-09183729b972","type":"text/javascript","exec":[""]}},{"listen":"test","script":{"id":"f59a6fdd-cbd0-4214-9fa8-b5031dd23303","type":"text/javascript","exec":[""]}}]}