{"info":{"_postman_id":"b29e55ce-6c77-4a72-865f-f16e55f2a41e","name":"payments","schema":"https://schema.getpostman.com/json/collection/v2.1.0/collection.json"},"item":[{"name":"Get all payments","id":"ff8ab0f2-4a58-4f09-8bf2-33af52b18e2b","protocolProfileBehavior":{"disableBodyPruning":true},"request":{"method":"GET","header":[],"url":{"raw":"{{base_url}}/payments","host":["{{base_url}}"],"path":["payments"]}},"response":[{"id":"9ce570ec-91fd-48b0-be7a-e56aed5fe1c2","name":"Mock Get all bookings","originalRequest":{"method":"GET","header":[],"url":{"raw":"{{base_url}}/bookings","host":["{{base_url}}"],"path":["bookings"]}},"status":"OK","code":200,"_postman_previewlanguage":"json","header":[{"key":"X-Powered-By","value":"Express"},{"key":"Access-Control-Allow-Origin","value":"*"},{"key":"Content-Type","value":"application/json; charset=utf-8"},{"key":"Content-Length","value":"554"},{"key":"ETag","value":"W/\"22a-ROuWTcKgsSbTzNM5lIQ/rk41SO8\""},{"key":"Date","value":"Thu, 11 Mar 2021 12:07:46 GMT"},{"key":"Connection","value":"keep-alive"}],"cookie":[],"responseTime":null,"body":"{\n    \"headers\": {\n        \"success\": 1,\n        \"message\": \"Success\"\n    },\n    \"body\": [\n        {\n            \"booking_id\": 1,\n            \"user_id\": 1,\n            \"show_id\": 14,\n            \"seat_row\": \"A\",\n            \"seat_number\": 11,\n            \"price\": 700,\n            \"booking_status\": \"confirmed\"\n        },\n        {\n            \"booking_id\": 2,\n            \"user_id\": 2,\n            \"show_id\": 14,\n            \"seat_row\": \"A\",\n            \"seat_number\": 16,\n            \"price\": 700,\n            \"booking_status\": \"confirmed\"\n        },\n        {\n            \"booking_id\": 3,\n            \"user_id\": 2,\n            \"show_id\": 14,\n            \"seat_row\": \"A\",\n            \"seat_number\": 17,\n            \"price\": 700,\n            \"booking_status\": \"confirmed\"\n        },\n        {\n            \"booking_id\": 6,\n            \"user_id\": 2,\n            \"show_id\": 18,\n            \"seat_row\": \"B\",\n            \"seat_number\": 2,\n            \"price\": 700,\n            \"booking_status\": \"confirmed\",\n            \"booking_datetime\": \"2021-03-05 06:41:00\"\n        }\n    ]\n}"}]},{"name":"Get Payment By Id","id":"41c45a8f-e566-431c-a2cf-135d6169fd66","protocolProfileBehavior":{"disableBodyPruning":true},"request":{"method":"GET","header":[],"url":{"raw":"{{base_url}}/payments/id/2","host":["{{base_url}}"],"path":["payments","id","2"]}},"response":[{"id":"7fa0de24-9445-4c56-ba43-60905b5f7f5a","name":"Mock Get Booking By Id","originalRequest":{"method":"GET","header":[],"url":{"raw":"{{base_url}}/bookings/id/6","host":["{{base_url}}"],"path":["bookings","id","6"]}},"status":"OK","code":200,"_postman_previewlanguage":"json","header":[{"key":"X-Powered-By","value":"Express"},{"key":"Access-Control-Allow-Origin","value":"*"},{"key":"Content-Type","value":"application/json; charset=utf-8"},{"key":"Content-Length","value":"207"},{"key":"ETag","value":"W/\"cf-3w6SKCV+IJcC/Reyo+nZDaOLl/g\""},{"key":"Date","value":"Thu, 11 Mar 2021 12:08:06 GMT"},{"key":"Connection","value":"keep-alive"}],"cookie":[],"responseTime":null,"body":"{\n    \"headers\": {\n        \"success\": 1,\n        \"message\": \"Success\"\n    },\n    \"body\": {\n        \"booking_id\": 6,\n        \"user_id\": 2,\n        \"show_id\": 18,\n        \"seat_row\": \"B\",\n        \"seat_number\": 2,\n        \"price\": 700,\n        \"booking_status\": \"confirmed\",\n        \"booking_datetime\": \"2021-03-05 06:41:00\"\n    }\n}"}]},{"name":"Get User Payments","id":"a0dc43ef-65ad-4865-b19a-adc35a001ec4","protocolProfileBehavior":{"disableBodyPruning":true},"request":{"method":"GET","header":[],"url":{"raw":"{{base_url}}/payments/users/2","host":["{{base_url}}"],"path":["payments","users","2"],"query":[{"key":"id","value":"1","disabled":true}]}},"response":[{"id":"733ee353-6965-43b3-9583-fab5548a6cc0","name":"Mock Get User Payments","originalRequest":{"method":"GET","header":[],"url":{"raw":"{{base_url}}/bookings/users/2","host":["{{base_url}}"],"path":["bookings","users","2"],"query":[{"key":"id","value":"1","disabled":true}]}},"status":"OK","code":200,"_postman_previewlanguage":"json","header":[{"key":"X-Powered-By","value":"Express"},{"key":"Access-Control-Allow-Origin","value":"*"},{"key":"Content-Type","value":"application/json; charset=utf-8"},{"key":"Content-Length","value":"502"},{"key":"ETag","value":"W/\"1f6-R/iVK8CCa22MARi1vyX8mXm3aO8\""},{"key":"Date","value":"Thu, 11 Mar 2021 12:59:32 GMT"},{"key":"Connection","value":"keep-alive"}],"cookie":[],"responseTime":null,"body":"{\n    \"headers\": {\n        \"success\": 1,\n        \"message\": \"Success\"\n    },\n    \"body\": [\n        {\n            \"payment_id\": 18,\n            \"amount\": 1400,\n            \"payment_datetime\": \"2021-03-20 06:30:00\",\n            \"payment_method\": \"card\",\n            \"movie\": {\n                \"title\": \"GOOGLE\",\n                \"poster_url\": \"https://encrypted-tbn0.gstatic.com/images?q=tbn:ANd9GcSpMwciKW5gytHux-4a4B7e50sQCyvnix9C57mAGnY0DNX4-uGQ\"\n            }\n        },\n        {\n            \"payment_id\": 19,\n            \"amount\": 1400,\n            \"payment_datetime\": \"2021-03-20 06:30:00\",\n            \"payment_method\": \"card\",\n            \"movie\": {\n                \"title\": \"FACEBOOK\",\n                \"poster_url\": \"https://encrypted-tbn0.gstatic.com/images?q=tbn:ANd9GcSpMwciKW5gytHux-4a4B7e50sQCyvnix9C57mAGnY0DNX4-uGQ\"\n            }\n        }\n    ]\n}"}]},{"name":"Add a payment","id":"cccedc64-bf61-413b-977a-3b05fe99bfe3","protocolProfileBehavior":{"disableBodyPruning":true},"request":{"method":"POST","header":[],"body":{"mode":"raw","raw":"{\r\n    \"amount\":\"1400\",\r\n    \"payment_datetime\":\"2021-03-20 06:33:00\",\r\n    \"payment_method\":\"card\",\r\n    \"user_id\":\"2\",\r\n    \"show_id\":\"14\",\r\n    \"bookings\":[2,3]\r\n}","options":{"raw":{"language":"json"}}},"url":{"raw":"{{base_url}}/payments/","host":["{{base_url}}"],"path":["payments",""]}},"response":[{"id":"86ac9755-9dd2-4fcf-9cfb-cf2ae7da05c7","name":"Mock Add a booking","originalRequest":{"method":"POST","header":[],"body":{"mode":"raw","raw":"{\r\n    \"amount\":\"1400\",\r\n    \"payment_datetime\":\"2021-03-20 06:33:00\",\r\n    \"payment_method\":\"card\",\r\n    \"user_id\":\"2\",\r\n    \"show_id\":\"14\",\r\n    \"bookings\":[2,3]\r\n}","options":{"raw":{"language":"json"}}},"url":{"raw":"{{base_url}}/bookings/","host":["{{base_url}}"],"path":["bookings",""]}},"status":"Created","code":201,"_postman_previewlanguage":"json","header":[{"key":"X-Powered-By","value":"Express"},{"key":"Access-Control-Allow-Origin","value":"*"},{"key":"Content-Type","value":"application/json; charset=utf-8"},{"key":"Content-Length","value":"100"},{"key":"ETag","value":"W/\"64-NJV6W7StBkEjto3MWYPH7Dt+/ZQ\""},{"key":"Date","value":"Thu, 11 Mar 2021 12:09:28 GMT"},{"key":"Connection","value":"keep-alive"}],"cookie":[],"responseTime":null,"body":"{\n    \"headers\": {\n        \"success\": 1,\n        \"message\": \"Payment was created! Booking was confirmed!\"\n    },\n    \"body\": {\n        \"payment_id\": 7,\n        \"affected_rows\": 1\n    }\n}"}]},{"name":"Update a payment","id":"8de75b42-46a4-4971-beaa-1c8c170a1779","protocolProfileBehavior":{"disableBodyPruning":true},"request":{"method":"PATCH","header":[],"body":{"mode":"raw","raw":"{\r\n    \"amount\":\"700\"\r\n}","options":{"raw":{"language":"json"}}},"url":{"raw":"{{base_url}}/payments/id/6","host":["{{base_url}}"],"path":["payments","id","6"]}},"response":[{"id":"b995eb2a-78fb-4803-8a41-978688da9807","name":"Mock Update a booking","originalRequest":{"method":"PATCH","header":[],"body":{"mode":"raw","raw":"{\r\n    \"booking_status\":\"cancelled\"\r\n}","options":{"raw":{"language":"json"}}},"url":{"raw":"{{base_url}}/bookings/id/6","host":["{{base_url}}"],"path":["bookings","id","6"]}},"status":"OK","code":200,"_postman_previewlanguage":"json","header":[{"key":"X-Powered-By","value":"Express"},{"key":"Access-Control-Allow-Origin","value":"*"},{"key":"Content-Type","value":"application/json; charset=utf-8"},{"key":"Content-Length","value":"116"},{"key":"ETag","value":"W/\"74-9rUnRxnq0oMgF9qxowgAwUyaXws\""},{"key":"Date","value":"Thu, 11 Mar 2021 12:10:03 GMT"},{"key":"Connection","value":"keep-alive"}],"cookie":[],"responseTime":null,"body":"{\n    \"headers\": {\n        \"success\": 1,\n        \"message\": \"Booking updated successfully\"\n    },\n    \"body\": \"Rows matched: 1  Changed: 1  Warnings: 0\"\n}"}]},{"name":"Delete a payment","id":"651a2eae-c2a1-4782-9b17-9ceec238cef1","protocolProfileBehavior":{"disableBodyPruning":true},"request":{"method":"DELETE","header":[],"url":{"raw":"{{base_url}}/payments/id/5","host":["{{base_url}}"],"path":["payments","id","5"]}},"response":[{"id":"0098725b-6a5f-4a17-abdc-d50dc73c8dec","name":"Mock Delete a booking","originalRequest":{"method":"DELETE","header":[],"url":{"raw":"{{base_url}}/bookings/id/7","host":["{{base_url}}"],"path":["bookings","id","7"]}},"status":"OK","code":200,"_postman_previewlanguage":"json","header":[{"key":"X-Powered-By","value":"Express"},{"key":"Access-Control-Allow-Origin","value":"*"},{"key":"Content-Type","value":"application/json; charset=utf-8"},{"key":"Content-Length","value":"72"},{"key":"ETag","value":"W/\"48-3pw1qSyBLqkQfmvuK0DO0EjjLAw\""},{"key":"Date","value":"Thu, 11 Mar 2021 12:10:51 GMT"},{"key":"Connection","value":"keep-alive"}],"cookie":[],"responseTime":null,"body":"{\n    \"headers\": {\n        \"success\": 1,\n        \"message\": \"Booking has been deleted\"\n    },\n    \"body\": {}\n}"}]}],"auth":{"type":"bearer","bearer":[{"key":"token","value":"eyJhbGciOiJIUzI1NiIsInR5cCI6IkpXVCJ9.eyJ1c2VyX2lkIjoiMSIsImlhdCI6MTYxNjQxMDQ4NSwiZXhwIjoxNjE2NDk2ODg1fQ.YEBb3Qp1nGsM4pgwgRO7-je3ua799wDnsrYQspRzh1g","type":"string"}]},"event":[{"listen":"prerequest","script":{"id":"7abbd3ba-2df6-4da7-ac9e-584456192c03","type":"text/javascript","exec":[""]}},{"listen":"test","script":{"id":"30396f1c-f45a-4c61-bcf7-024ce6b29091","type":"text/javascript","exec":[""]}}]}