{"info":{"_postman_id":"8df1e773-b425-481b-b565-2c3d5a1e0a3b","name":"auth","schema":"https://schema.getpostman.com/json/collection/v2.1.0/collection.json"},"item":[{"name":"Register User","id":"4768f8ba-276c-4687-80b2-b83415ddfcbf","protocolProfileBehavior":{"disableBodyPruning":true},"request":{"method":"POST","header":[],"body":{"mode":"raw","raw":"{\r\n    \"full_name\": \"Test User\",\r\n    \"email\": \"user@gmail.com\",\r\n    \"password\": \"123\",\r\n    \"role\": \"api_user\",\r\n    \"contact\": \"+923009999999\",\r\n    \"address\": \"Karachi\"\r\n}","options":{"raw":{"language":"json"}}},"url":{"raw":"{{base_url}}/auth/register","host":["{{base_url}}"],"path":["auth","register"]}},"response":[{"id":"2055be8c-52a0-4d38-a46e-229f25c01ff8","name":"Mock Register User","originalRequest":{"method":"GET","header":[{"key":"Content-Type","value":"application/json","type":"text"}],"url":{"raw":"{{base_url}}/auth/register","host":["{{base_url}}"],"path":["auth","register"]}},"status":"OK","code":200,"_postman_previewlanguage":"json","header":[{"key":"X-Powered-By","value":"Express"},{"key":"Access-Control-Allow-Origin","value":"*"},{"key":"Content-Type","value":"application/json;"},{"key":"Content-Length","value":"342"},{"key":"ETag","value":"W/\"156-0tGggmqb8cdLXomh6agUSYP8IXM\""},{"key":"Date","value":"Wed, 10 Feb 2021 18:34:02 GMT"},{"key":"Connection","value":"keep-alive"}],"cookie":[],"responseTime":null,"body":"{\n    \"headers\": {\n        \"error\": 0,\n        \"message\": \"Registered\"\n    },\n    \"body\": {\n        \"user_id\": 32,\n        \"token\": \"eyJhbGciOiJIUzI1NiIsInR5cCI6IkpXVCJ9.eyJ1c2VyX2lkIjoiMzIiLCJpYXQiOjE2MTI5ODgxMzYsImV4cCI6MTYxMzA3NDUzNn0.Rz4b0BW5ADrYzEB7N5QtvIhdQuPCpFiOE4beZBPg4jE\"\n    }\n}"}]},{"name":"Login User","id":"d4cb219f-afef-4962-9c5d-66d3974a684c","protocolProfileBehavior":{"disableBodyPruning":true},"request":{"method":"POST","header":[],"body":{"mode":"raw","raw":"{\r\n    \"email\":\"admin@gmail.com\",\r\n    \"password\": \"123\"\r\n}","options":{"raw":{"language":"json"}}},"url":{"raw":"{{base_url}}/auth/login","host":["{{base_url}}"],"path":["auth","login"]}},"response":[{"id":"32b17966-906a-4275-9789-211a084134f3","name":"Mock Login User","originalRequest":{"method":"GET","header":[],"url":{"raw":"{{base_url}}/auth/login","host":["{{base_url}}"],"path":["auth","login"]}},"status":"OK","code":200,"_postman_previewlanguage":"json","header":[{"key":"X-Powered-By","value":"Express"},{"key":"Access-Control-Allow-Origin","value":"*"},{"key":"Content-Type","value":"application/json; charset=utf-8"},{"key":"Content-Length","value":"345"},{"key":"ETag","value":"W/\"159-C5NBABb4Yd+wmi0kZhQRyFmhtZY\""},{"key":"Date","value":"Wed, 10 Feb 2021 18:02:12 GMT"},{"key":"Connection","value":"keep-alive"}],"cookie":[],"responseTime":null,"body":"{\n    \"headers\": {\n        \"error\": 0,\n        \"message\": \"Authenticated\"\n    },\n    \"body\": {\n        \"user_id\": 15,\n        \"full_name\": \"John Doe\",\n        \"email\": \"test@gmail.com\",\n        \"role\": \"api_user\",\n        \"contact\": \"03009999999\",\n        \"address\": \"Dummy address\",\n        \"token\": \"eyJhbGciOiJIUzI1NiIsInR5cCI6IkpXVCJ9.eyJ1c2VyX2lkIjoiMTUiLdhj4rQiOjE2MTI5ODc5NDYsImV4cCI6MTYxMzA3NDM0Nn0.ZF48Ahe4xx8gxWBWBo9ml4Zn0XSpr43i5KZJMXWeBX8\"\n    }\n}"}]},{"name":"Forgot Password","id":"e8caa921-4328-4283-9512-52f6d53ccc81","protocolProfileBehavior":{"disableBodyPruning":true},"request":{"method":"POST","header":[],"body":{"mode":"raw","raw":"{\r\n    \"email\":\"a.rafaysaleem@gmail.com\"\r\n}","options":{"raw":{"language":"json"}}},"url":{"raw":"{{base_url}}/auth/password/forgot","host":["{{base_url}}"],"path":["auth","password","forgot"]}},"response":[]},{"name":"Verify OTP","id":"d0b11f0d-456f-4fb9-8624-07a45f118e4c","protocolProfileBehavior":{"disableBodyPruning":true},"request":{"method":"POST","header":[],"body":{"mode":"raw","raw":"{\r\n    \"email\":\"a.rafaysaleem@gmail.com\",\r\n    \"OTP\": \"0315\"\r\n}","options":{"raw":{"language":"json"}}},"url":{"raw":"{{base_url}}/auth/password/otp","host":["{{base_url}}"],"path":["auth","password","otp"]}},"response":[]},{"name":"Change Password","id":"d7fbed90-99ae-45fb-8da6-a0a9d4e51f89","protocolProfileBehavior":{"disableBodyPruning":true},"request":{"method":"POST","header":[],"body":{"mode":"raw","raw":"{\r\n    \"email\":\"a.rafaysaleem@gmail.com\",\r\n    \"password\": \"256\",\r\n    \"new_password\":\"123\"\r\n}","options":{"raw":{"language":"json"}}},"url":{"raw":"{{base_url}}/auth/password/change","host":["{{base_url}}"],"path":["auth","password","change"]}},"response":[]},{"name":"Reset Password","id":"e1acaac4-c088-49eb-88dc-5087adce87d5","protocolProfileBehavior":{"disableBodyPruning":true},"request":{"method":"POST","header":[],"body":{"mode":"raw","raw":"{\r\n    \"email\":\"a.rafaysaleem@gmail.com\",\r\n    \"password\": \"256\"\r\n}","options":{"raw":{"language":"json"}}},"url":{"raw":"{{base_url}}/auth/password/reset","host":["{{base_url}}"],"path":["auth","password","reset"]}},"response":[]}],"event":[{"listen":"prerequest","script":{"id":"dc403c4a-29fe-4fdb-acb2-6b1d8a11350d","type":"text/javascript","exec":[""]}},{"listen":"test","script":{"id":"a4382615-3df5-4c1a-b77c-fe40a29be9dc","type":"text/javascript","exec":[""]}}]}