{"info":{"_postman_id":"a1204154-a858-4c83-a5eb-d4bb6a457c0b","name":"movies","schema":"https://schema.getpostman.com/json/collection/v2.1.0/collection.json"},"item":[{"name":"Get All Movies","id":"4de7235b-4473-4d74-bf99-d82be3ab3bde","protocolProfileBehavior":{"disableBodyPruning":true},"request":{"method":"GET","header":[],"url":{"raw":"{{base_url}}/movies","host":["{{base_url}}"],"path":["movies"]}},"response":[]},{"name":"Add A Movie","id":"18d27551-3280-403b-87be-515b39f291a5","protocolProfileBehavior":{"disableBodyPruning":true},"request":{"method":"POST","header":[],"body":{"mode":"raw","raw":"{\r\n    \"title\": \"FACEBOOK\",\r\n    \"year\": \"2012\",\r\n    \"summary\": \"Fearsome bitches.\",\r\n    \"trailer_url\": \"https://www.youtube.com/watch?v=odM92ap8_c0\",\r\n    \"poster_url\": \"https://encrypted-tbn0.gstatic.com/images?q=tbn:ANd9GcSpMwciKW5gytHux-4a4B7e50sQCyvnix9C57mAGnY0DNX4-uGQ\",\r\n    \"rating\":8.4,\r\n    \"roles\":[\r\n        {\"role_id\":\"2\",\"role_type\":\"director\"},\r\n        {\"role_id\":\"1\",\"role_type\":\"producer\"},\r\n        {\"role_id\":\"3\",\"role_type\":\"cast\"}\r\n    ],\r\n    \"movie_type\": \"now_showing\"\r\n}","options":{"raw":{"language":"json"}}},"url":{"raw":"{{base_url}}/movies","host":["{{base_url}}"],"path":["movies"]}},"response":[]},{"name":"Get Movie By Id","id":"00014897-7194-464c-8cb9-3bc444b23959","protocolProfileBehavior":{"disableBodyPruning":true},"request":{"method":"GET","header":[],"url":{"raw":"{{base_url}}/movies/id/1","host":["{{base_url}}"],"path":["movies","id","1"]}},"response":[]},{"name":"Get Now Showing Movies","id":"4acf2bf5-2e11-43a1-bd44-af68a2c9fc24","protocolProfileBehavior":{"disableBodyPruning":true},"request":{"method":"GET","header":[],"url":{"raw":"{{base_url}}/movies/now_showing","host":["{{base_url}}"],"path":["movies","now_showing"]}},"response":[]},{"name":"Get Coming Soon Movies","id":"51b87eb9-a080-45b3-b3c7-a3f51ab819c0","protocolProfileBehavior":{"disableBodyPruning":true},"request":{"method":"GET","header":[],"url":{"raw":"{{base_url}}/movies/coming_soon","host":["{{base_url}}"],"path":["movies","coming_soon"]}},"response":[]},{"name":"Update A Movie","id":"02def29a-6c37-425f-9bc6-cb38da30b5af","protocolProfileBehavior":{"disableBodyPruning":true},"request":{"method":"PATCH","header":[],"body":{"mode":"raw","raw":"{\r\n    \"movie_type\": \"coming_soon\"\r\n}","options":{"raw":{"language":"json"}}},"url":{"raw":"{{base_url}}/movies/id/4","host":["{{base_url}}"],"path":["movies","id","4"]}},"response":[]},{"name":"Get All Roles For A Movie","id":"c5bb9cc2-ede2-491d-9b80-1cb3a1b10bb4","protocolProfileBehavior":{"disableBodyPruning":true},"request":{"method":"GET","header":[],"url":{"raw":"{{base_url}}/movies/id/4/roles","host":["{{base_url}}"],"path":["movies","id","4","roles"]}},"response":[]}],"auth":{"type":"bearer","bearer":[{"key":"token","value":"eyJhbGciOiJIUzI1NiIsInR5cCI6IkpXVCJ9.eyJ1c2VyX2lkIjoiMSIsImlhdCI6MTYxNDA2ODYwMiwiZXhwIjoxNjE0MTU1MDAyfQ.RUoyNR2eSD74NIsQOmeK6scukw2skTwTOLrDx1S8LbY","type":"string"}]},"event":[{"listen":"prerequest","script":{"id":"6ca14c6d-ea79-4f80-a10c-3ae6492a3631","type":"text/javascript","exec":[""]}},{"listen":"test","script":{"id":"a95aea74-f770-4de2-9b99-4edf88475b74","type":"text/javascript","exec":[""]}}]}