{"info":{"_postman_id":"06cf7aa2-a8cb-48e3-83c5-70fd7cd61c4a","name":"shows","schema":"https://schema.getpostman.com/json/collection/v2.1.0/collection.json"},"item":[{"name":"Get All Shows","id":"1f8f90e3-8373-4e60-8b5f-b8fe6a9f1748","protocolProfileBehavior":{"disableBodyPruning":true},"request":{"method":"GET","header":[],"url":{"raw":"{{base_url}}/shows","host":["{{base_url}}"],"path":["shows"]}},"response":[{"id":"3899a74d-2ddd-40db-96ba-a30493eb94aa","name":"Mock Get All Shows","originalRequest":{"method":"GET","header":[],"url":{"raw":"{{base_url}}/shows","host":["{{base_url}}"],"path":["shows"]}},"status":"OK","code":200,"_postman_previewlanguage":"json","header":[{"key":"X-Powered-By","value":"Express"},{"key":"Access-Control-Allow-Origin","value":"*"},{"key":"Content-Type","value":"application/json; charset=utf-8"},{"key":"Content-Length","value":"702"},{"key":"ETag","value":"W/\"2be-RBK3vxZFc7RBdDK5bk94Qqx04ag\""},{"key":"Date","value":"Thu, 11 Mar 2021 13:00:45 GMT"},{"key":"Connection","value":"keep-alive"}],"cookie":[],"responseTime":null,"body":"{\n    \"headers\": {\n        \"success\": 1,\n        \"message\": \"Success\"\n    },\n    \"body\": [\n        {\n            \"show_id\": 14,\n            \"start_time\": \"12:30:00\",\n            \"end_time\": \"2:45:00\",\n            \"date\": \"2021-03-15\",\n            \"movie_id\": 1,\n            \"theater_id\": 8,\n            \"show_status\": \"free\"\n        },\n        {\n            \"show_id\": 17,\n            \"start_time\": \"2:30:00\",\n            \"end_time\": \"4:45:00\",\n            \"date\": \"2021-03-14\",\n            \"movie_id\": 4,\n            \"theater_id\": 10,\n            \"show_status\": \"free\"\n        },\n        {\n            \"show_id\": 18,\n            \"start_time\": \"2:30:00\",\n            \"end_time\": \"4:45:00\",\n            \"date\": \"2021-03-16\",\n            \"movie_id\": 4,\n            \"theater_id\": 10,\n            \"show_status\": \"full\"\n        },\n        {\n            \"show_id\": 20,\n            \"start_time\": \"11:30:00\",\n            \"end_time\": \"13:45:00\",\n            \"date\": \"2021-03-16\",\n            \"movie_id\": 4,\n            \"theater_id\": 8,\n            \"show_status\": \"full\"\n        },\n        {\n            \"show_id\": 21,\n            \"start_time\": \"10:00:00\",\n            \"end_time\": \"12:15:00\",\n            \"date\": \"2021-03-16\",\n            \"movie_id\": 4,\n            \"theater_id\": 10,\n            \"show_status\": \"full\"\n        }\n    ]\n}"}]},{"name":"Get Filtered Shows","id":"51f6e0f4-bc32-414a-b436-f647f2506792","protocolProfileBehavior":{"disableBodyPruning":true},"request":{"method":"GET","header":[],"url":{"raw":"{{base_url}}/shows/filters?date=2021-03-16","host":["{{base_url}}"],"path":["shows","filters"],"query":[{"key":"date","value":"2021-03-16"}]}},"response":[{"id":"185a7717-b811-44fd-819b-4666976310c1","name":"Mock Get Filtered Shows","originalRequest":{"method":"GET","header":[],"url":{"raw":"{{base_url}}/shows/filters?date=2021-03-16","host":["{{base_url}}"],"path":["shows","filters"],"query":[{"key":"date","value":"2021-03-16"}]}},"status":"OK","code":200,"_postman_previewlanguage":"json","header":[{"key":"X-Powered-By","value":"Express"},{"key":"Access-Control-Allow-Origin","value":"*"},{"key":"Content-Type","value":"application/json; charset=utf-8"},{"key":"Content-Length","value":"444"},{"key":"ETag","value":"W/\"1bc-IFCuY4vvy000yiCYdIbYakDhFuM\""},{"key":"Date","value":"Thu, 11 Mar 2021 13:00:55 GMT"},{"key":"Connection","value":"keep-alive"}],"cookie":[],"responseTime":null,"body":"{\n    \"headers\": {\n        \"success\": 1,\n        \"message\": \"Success\"\n    },\n    \"body\": [\n        {\n            \"show_id\": 18,\n            \"start_time\": \"2:30:00\",\n            \"end_time\": \"4:45:00\",\n            \"date\": \"2021-03-16\",\n            \"movie_id\": 4,\n            \"theater_id\": 10,\n            \"show_status\": \"full\"\n        },\n        {\n            \"show_id\": 20,\n            \"start_time\": \"11:30:00\",\n            \"end_time\": \"13:45:00\",\n            \"date\": \"2021-03-16\",\n            \"movie_id\": 4,\n            \"theater_id\": 8,\n            \"show_status\": \"full\"\n        },\n        {\n            \"show_id\": 21,\n            \"start_time\": \"10:00:00\",\n            \"end_time\": \"12:15:00\",\n            \"date\": \"2021-03-16\",\n            \"movie_id\": 4,\n            \"theater_id\": 10,\n            \"show_status\": \"full\"\n        }\n    ]\n}"}]},{"name":"Get Show By Id","id":"7c0fbf77-b82b-457f-b54c-bc2e73d7401b","protocolProfileBehavior":{"disableBodyPruning":true},"request":{"method":"GET","header":[],"body":{"mode":"raw","raw":"","options":{"raw":{"language":"json"}}},"url":{"raw":"{{base_url}}/shows/id/20","host":["{{base_url}}"],"path":["shows","id","20"]}},"response":[{"id":"2131a1e6-2ad2-4f60-8aa4-439daab8e0d1","name":"Mock Get Show By Id","originalRequest":{"method":"GET","header":[],"url":{"raw":"{{base_url}}/shows/id/20","host":["{{base_url}}"],"path":["shows","id","20"]}},"status":"OK","code":200,"_postman_previewlanguage":"json","header":[{"key":"X-Powered-By","value":"Express"},{"key":"Access-Control-Allow-Origin","value":"*"},{"key":"Content-Type","value":"application/json; charset=utf-8"},{"key":"Content-Length","value":"182"},{"key":"ETag","value":"W/\"b6-DYMsIpwDzWzjHqSV5FKrAnf54TY\""},{"key":"Date","value":"Thu, 11 Mar 2021 13:01:09 GMT"},{"key":"Connection","value":"keep-alive"}],"cookie":[],"responseTime":null,"body":"{\n    \"headers\": {\n        \"success\": 1,\n        \"message\": \"Success\"\n    },\n    \"body\": {\n        \"show_id\": 20,\n        \"start_time\": \"11:30:00\",\n        \"end_time\": \"13:45:00\",\n        \"date\": \"2021-03-16\",\n        \"movie_id\": 4,\n        \"theater_id\": 8,\n        \"show_status\": \"full\"\n    }\n}"}]},{"name":"Add a show","id":"8037e02d-93e0-422b-b37f-0ab63bf28702","protocolProfileBehavior":{"disableBodyPruning":true},"request":{"method":"POST","header":[],"body":{"mode":"raw","raw":"{\r\n    \"start_time\":\"10:00\",\r\n    \"end_time\":\"12:15\",\r\n    \"date\":\"2021-03-16\",\r\n    \"show_status\":\"full\",\r\n    \"theater_id\": 16,\r\n    \"movie_id\": 4,\r\n    \"show_type\":\"2D\"\r\n}","options":{"raw":{"language":"json"}}},"url":{"raw":"{{base_url}}/shows","host":["{{base_url}}"],"path":["shows"]}},"response":[]},{"name":"Update a show","id":"f6f8f934-2a00-4fe2-99f5-1406c05f7cb2","protocolProfileBehavior":{"disableBodyPruning":true},"request":{"method":"PATCH","header":[],"body":{"mode":"raw","raw":"{\r\n    \"theater_id\":10,\r\n    \"start_time\":\"11:30\",\r\n    \"end_time\":\"13:45\",\r\n    \"date\":\"2021-03-16\"\r\n}","options":{"raw":{"language":"json"}}},"url":{"raw":"{{base_url}}/shows/id/20","host":["{{base_url}}"],"path":["shows","id","20"]}},"response":[]}],"auth":{"type":"bearer","bearer":[{"key":"token","value":"eyJhbGciOiJIUzI1NiIsInR5cCI6IkpXVCJ9.eyJ1c2VyX2lkIjoiMSIsImlhdCI6MTYxOTg3NTEwNywiZXhwIjoxNjE5OTYxNTA3fQ.AsSp58HFom0DuQ5tj7EBJVV-JTFtGx05SkJkM87J34M","type":"string"}]},"event":[{"listen":"prerequest","script":{"id":"e7382adf-dfa1-45b9-a1da-866c35e41559","type":"text/javascript","exec":[""]}},{"listen":"test","script":{"id":"f6fc34d3-8670-44a3-b01a-c260a16464c5","type":"text/javascript","exec":[""]}}]}