{"info":{"_postman_id":"5387b59f-f701-471c-9359-4e6d7f26e31e","name":"roles","schema":"https://schema.getpostman.com/json/collection/v2.1.0/collection.json"},"item":[{"name":"Get All Roles","id":"b69b7dc5-dcb6-44f2-a3f7-bf6d6fcbd0b3","protocolProfileBehavior":{"disableBodyPruning":true},"request":{"method":"GET","header":[],"url":{"raw":"{{base_url}}/roles","host":["{{base_url}}"],"path":["roles"]}},"response":[]},{"name":"Get Role By Id","id":"af38dc3b-a246-4249-bb68-6d425517b7c9","protocolProfileBehavior":{"disableBodyPruning":true},"request":{"method":"GET","header":[],"url":{"raw":"{{base_url}}/roles/id/2","host":["{{base_url}}"],"path":["roles","id","2"]}},"response":[]},{"name":"Add A Role","id":"1f54f930-7f39-4b0b-99ea-77c3772a4ca6","protocolProfileBehavior":{"disableBodyPruning":true},"request":{"method":"POST","header":[],"body":{"mode":"raw","raw":"{\r\n    \"full_name\": \"Mr. Guy\",\r\n    \"age\":36,\r\n    \"picture_url\":\"https://www.biography.com/.image/t_share/MTE5NTU2MzE2Mzg0MTY3NDM1/quentin-tarantino-9502086-1-402.jpg\"\r\n}","options":{"raw":{"language":"json"}}},"url":{"raw":"{{base_url}}/roles","host":["{{base_url}}"],"path":["roles"]}},"response":[]},{"name":"Get All Movies For A Role","id":"d1b45c01-cfde-46c5-acc1-ec3b6a562ecd","protocolProfileBehavior":{"disableBodyPruning":true},"request":{"method":"GET","header":[],"url":{"raw":"{{base_url}}/roles/id/2/movies","host":["{{base_url}}"],"path":["roles","id","2","movies"]}},"response":[]}],"auth":{"type":"bearer","bearer":[{"key":"token","value":"eyJhbGciOiJIUzI1NiIsInR5cCI6IkpXVCJ9.eyJ1c2VyX2lkIjoiMSIsImlhdCI6MTYxMzU3OTI4OSwiZXhwIjoxNjEzNjY1Njg5fQ.SO8sVbPpplCkC9MRB3rNxPxe1F_mnK1LsNWJFYuZc4g","type":"string"}]},"event":[{"listen":"prerequest","script":{"id":"4eda4839-add7-4ee1-88b3-34a221fc77f8","type":"text/javascript","exec":[""]}},{"listen":"test","script":{"id":"607bc7ba-a1b6-4cc5-9b7b-1bc5d6216aa5","type":"text/javascript","exec":[""]}}]}