{"info":{"_postman_id":"5b840032-2d10-4a8a-98ef-b66874bfd613","name":"users","schema":"https://schema.getpostman.com/json/collection/v2.1.0/collection.json"},"item":[{"name":"Get All Users","id":"a9930b8d-07a6-41d8-bc76-17beae357df2","protocolProfileBehavior":{"disableBodyPruning":true},"request":{"method":"GET","header":[],"url":{"raw":"{{base_url}}/users/","host":["{{base_url}}"],"path":["users",""]}},"response":[]},{"name":"Get User By Id","id":"ae34d1f4-8ac9-4691-93d9-1803ae5b405f","protocolProfileBehavior":{"disableBodyPruning":true},"request":{"method":"GET","header":[],"url":{"raw":"{{base_url}}/users/id/44","host":["{{base_url}}"],"path":["users","id","44"]}},"response":[]},{"name":"Update A User","id":"707e4d4a-fa23-4afb-852f-49904407985f","protocolProfileBehavior":{"disableBodyPruning":true},"request":{"auth":{"type":"bearer","bearer":[{"key":"token","value":"eyJhbGciOiJIUzI1NiIsInR5cCI6IkpXVCJ9.eyJ1c2VyX2lkIjoiMiIsImlhdCI6MTYxMzU4MjE0NiwiZXhwIjoxNjEzNjY4NTQ2fQ.6PXQT7GBqWOl8AxDx9Jqk-koy5BEnBoaU3W-ONz82MY","type":"string"}]},"method":"PATCH","header":[],"body":{"mode":"raw","raw":"{\r\n    \"role\":\"admin\"\r\n}","options":{"raw":{"language":"json"}}},"url":{"raw":"{{base_url}}/users/id/2","host":["{{base_url}}"],"path":["users","id","2"]}},"response":[]}],"auth":{"type":"bearer","bearer":[{"key":"token","value":"eyJhbGciOiJIUzI1NiIsInR5cCI6IkpXVCJ9.eyJ1c2VyX2lkIjoiMSIsImlhdCI6MTYxMzU4MTk2OSwiZXhwIjoxNjEzNjY4MzY5fQ.I7Ms2cIFBD_yuya30U1Ei7DUnPDx8AUWTPwgNptDvLM","type":"string"}]},"event":[{"listen":"prerequest","script":{"id":"a8e48e58-e076-4a2a-8796-d8411a1c4d9a","type":"text/javascript","exec":[""]}},{"listen":"test","script":{"id":"9f7f15ea-796f-49bc-8300-fb419da4baf1","type":"text/javascript","exec":[""]}}],"variable":[{"id":"32b98309-5aeb-4365-ba64-547cb995a02f","key":"baseUrl","value":"http://petstore.swagger.io/v1"}]}